,secID,ticker,exchangeCD,secShortName,tradeDate,preClosePrice,openPrice,highestPrice,lowestPrice,closePrice,CHG,CHGPct,turnoverVol,turnoverValue,discount,discountRatio,circulationShares,accumAdjFactor
0,150001.XSHE2,150001,XSHE,国投瑞银瑞福深证100指数分级-进取,2015-05-13,2.03,2.02,2.043,2.0,2.019,-0.011,-0.0054,115672215,234249156.659,0.266,0.116411,3633660976.0,1.0
1,150008.XSHE,150008,XSHE,国投瑞银瑞和沪深300指数分级-小康,2015-05-13,1.541,1.541,1.554,1.536,1.554,0.013,0.0084,624313,965047.757,-0.099,-0.068041,35720244.0,0.603656
2,150009.XSHE,150009,XSHE,国投瑞银瑞和沪深300指数分级-远见,2015-05-13,2.102,2.082,2.104,2.07,2.074,-0.028,-0.0133,776340,1613156.41,0.147,0.066186,35720244.0,0.915316
3,150012.XSHE,150012,XSHE,国联安双禧中证100指数分级-A,2015-05-13,1.138,1.138,1.138,1.128,1.134,-0.004,-0.0035,22080357,25008373.63,0.001,0.000881,304861040.0,1.148
4,150013.XSHE,150013,XSHE,国联安双禧中证100指数分级-B,2015-05-13,2.188,2.195,2.198,2.144,2.154,-0.034,-0.0155,32745157,71137034.438,0.036,0.016438,457291560.0,0.71133
5,150016.XSHE,150016,XSHE,兴全合润分级混合-A,2015-05-13,1.927,1.881,1.98,1.881,1.925,-0.002,-0.001,119182,231162.666,0.0444,0.022545,10053830.0,0.994
6,150017.XSHE,150017,XSHE,兴全合润分级混合-B,2015-05-13,2.632,2.632,2.632,2.594,2.62,-0.012,-0.0046,395050,1036593.102,0.0387,0.014556,15080746.0,1.010235
7,150018.XSHE,150018,XSHE,银华深证100指数分级-稳健,2015-05-13,1.0,1.0,1.024,1.0,1.016,0.016,0.016,114149816,115922363.142,0.005,0.004897,2648329693.0,0.711361
8,150019.XSHE,150019,XSHE,银华深证100指数分级-积极,2015-05-13,1.506,1.491,1.52,1.472,1.505,-0.001,-0.0007,230477505,346049769.2,0.034,0.022092,2648329693.0,1.0
9,150020.XSHE,150020,XSHE,富国汇利回报分级债-A,2015-05-13,1.07,1.068,1.15,1.068,1.071,0.001,0.0009,962361,1031185.27,0.004,0.003721,355079151.0,1.113
10,150021.XSHE,150021,XSHE,富国汇利回报分级债-B,2015-05-13,1.325,1.325,1.327,1.32,1.327,0.002,0.0015,784821,1038289.264,0.031,0.022828,152176780.0,1.346574
11,150022.XSHE,150022,XSHE,申万菱信深证成指分级-收益,2015-05-13,0.88,0.88,0.886,0.873,0.886,0.006,0.0068,27012623,23792277.348,0.135,0.132223,958405960.0,0.401392
12,150023.XSHE,150023,XSHE,申万菱信深证成指分级-进取,2015-05-13,0.934,0.928,0.948,0.921,0.939,0.005,0.0054,72762684,68142587.623,-0.113,-0.136804,958405960.0,1.0
13,150027.XSHE,150027,XSHE,天弘添利分级债券-B,2015-05-13,1.334,1.331,1.339,1.331,1.339,0.005,0.0038,5255059,7010487.122,0.039,0.028302,897074998.0,1.0
14,150028.XSHE,150028,XSHE,信诚中证500指数分级-A,2015-05-13,0.972,0.972,0.992,0.972,0.99,0.018,0.0185,7946985,7821784.463,0.026,0.025591,193476069.0,0.963985
15,150029.XSHE,150029,XSHE,信诚中证500指数分级-B,2015-05-13,2.062,2.04,2.075,1.99,2.042,-0.02,-0.0097,25107186,51025128.489,0.021,0.010179,290214105.0,1.0
16,150030.XSHE,150030,XSHE,银华中证等权90指数分级-金利,2015-05-13,1.008,1.005,1.014,1.005,1.014,0.006,0.006,3037585,3071122.176,0.008,0.007828,238989267.0,1.05814
17,150031.XSHE,150031,XSHE,银华中证等权90指数分级-鑫利,2015-05-13,2.729,2.691,2.73,2.65,2.699,-0.03,-0.011,9501647,25644169.135,0.027,0.009905,238989267.0,0.27532
18,150032.XSHE,150032,XSHE,嘉实多利分级债-优先,2015-05-13,0.934,0.93,0.934,0.925,0.931,-0.003,-0.0032,202004,188243.128,0.0757,0.075196,22879380.0,0.904562
19,150033.XSHE,150033,XSHE,嘉实多利分级债-进取,2015-05-13,1.456,1.455,1.48,1.455,1.48,0.024,0.0165,260678,384304.04,-0.2833,-0.236734,5719845.0,1.636456
20,150034.XSHE,150034,XSHE,泰达聚利债券-A,2015-05-13,1.159,1.157,1.162,1.157,1.159,0.0,0.0,597402,692452.518,0.025,0.021115,921799800.0,1.0
21,150035.XSHE,150035,XSHE,泰达聚利债券-B,2015-05-13,2.027,2.028,2.045,2.028,2.04,0.013,0.0064,3097100,6313127.7,0.071,0.033633,426248338.0,1.0
22,150036.XSHE,150036,XSHE,建信双利分级股票-稳健,2015-05-13,1.138,1.131,1.156,1.131,1.148,0.01,0.0088,383872,440132.633,-0.125,-0.12219,7180572.0,0.983423
23,150037.XSHE,150037,XSHE,建信双利分级股票-进取,2015-05-13,1.879,1.889,1.898,1.861,1.879,0.0,0.0,610999,1150950.813,0.124,0.061907,10770860.0,1.0
24,150039.XSHE,150039,XSHE,中欧鼎利分级债-A,2015-05-13,1.007,1.007,1.011,1.006,1.007,0.0,0.0,96400,97192.0,0.029,0.027992,20237235.0,1.14
25,150040.XSHE,150040,XSHE,中欧鼎利分级债-B,2015-05-13,1.705,1.699,1.722,1.699,1.721,0.016,0.0094,60552,103796.216,-0.052,-0.031156,8673101.0,1.076768
26,150042.XSHE,150042,XSHE,长信利鑫分级债券-B,2015-05-13,1.44,1.424,1.44,1.424,1.44,0.0,0.0,119600,172192.0,0.0701,0.046421,191033159.0,1.0
27,150047.XSHE,150047,XSHE,银华消费主题分级混合-A,2015-05-13,1.05,1.053,1.053,1.045,1.046,-0.004,-0.0038,345200,361604.4,-0.022,-0.021484,9389254.0,1.40838
28,150048.XSHE,150048,XSHE,银华消费主题分级混合-B,2015-05-13,2.4,2.402,2.587,2.4,2.572,0.172,0.0717,6342649,15932413.014,-0.079,-0.031689,37557019.0,1.0
29,150049.XSHE,150049,XSHE,南方新兴消费增长分级股票-收益,2015-05-13,0.913,0.908,0.92,0.907,0.915,0.002,0.0022,783224,714330.871,0.094,0.093162,20630048.0,0.999355
30,150050.XSHE,150050,XSHE,南方新兴消费增长分级股票-进取,2015-05-13,1.868,1.888,1.897,1.8,1.883,0.015,0.008,1787426,3340307.178,-0.062,-0.034047,20630048.0,1.736316
31,150051.XSHE,150051,XSHE,信诚沪深300指数分级-A,2015-05-13,0.845,0.844,0.849,0.841,0.848,0.003,0.0036,9481485,8026755.296,0.156,0.155378,452041994.0,0.796937
32,150052.XSHE,150052,XSHE,信诚沪深300指数分级-B,2015-05-13,1.191,1.188,1.192,1.161,1.175,-0.016,-0.0134,34128974,40279450.928,-0.133,-0.127639,452041995.0,2.31095
33,150053.XSHE,150053,XSHE,泰达宏利500指数分级-稳健,2015-05-13,0.923,0.917,0.926,0.916,0.924,0.001,0.0011,611024,562230.767,0.0818,0.081328,16477000.0,0.889351
34,150054.XSHE,150054,XSHE,泰达宏利500指数分级-进取,2015-05-13,1.28,1.281,1.297,1.255,1.275,-0.005,-0.0039,2430550,3091165.494,-0.0375,-0.030303,24715500.0,2.799798
35,150055.XSHE,150055,XSHE,工银瑞信睿智中证500指数分级-A,2015-05-13,1.215,1.181,1.213,1.181,1.204,-0.011,-0.0091,480228,573443.212,-0.1817,-0.177736,3992762.0,1.166514
36,150056.XSHE,150056,XSHE,工银瑞信睿智中证500指数分级-B,2015-05-13,2.655,2.61,2.681,2.535,2.657,0.002,0.0008,1111323,2931526.523,0.1665,0.058969,5989144.0,1.0
37,150057.XSHE,150057,XSHE,长城久兆中小板300指数分级-久兆稳健,2015-05-13,1.108,1.114,1.145,1.07,1.081,-0.027,-0.0244,368802,408548.334,-0.064,-0.06293,3911057.0,0.976284
38,150058.XSHE,150058,XSHE,长城久兆中小板300指数分级-久兆积极,2015-05-13,2.235,2.348,2.44,2.25,2.44,0.205,0.0917,949253,2216071.509,0.028,0.011345,5866586.0,1.0
39,150059.XSHE,150059,XSHE,银华中证内地资源指数分级-A,2015-05-13,0.992,0.988,0.991,0.972,0.98,-0.012,-0.0121,1276295,1253891.163,0.042,0.041096,85695592.0,0.961788
40,150060.XSHE,150060,XSHE,银华中证内地资源指数分级-B,2015-05-13,1.985,1.968,2.017,1.96,1.989,0.004,0.002,11874912,23540302.793,-0.007,-0.003532,128543389.0,0.254491
41,150064.XSHE,150064,XSHE,长盛同瑞中证200分级-A,2015-05-13,1.135,1.101,1.157,1.101,1.129,-0.006,-0.0053,49284,55446.496,-0.106,-0.103617,2619568.0,1.111502
42,150065.XSHE,150065,XSHE,长盛同瑞中证200分级-B,2015-05-13,2.35,2.35,2.377,2.304,2.357,0.007,0.003,408497,962377.301,0.084,0.034412,3929352.0,1.0
43,150066.XSHE,150066,XSHE,国泰信用互利分级债券-A,2015-05-13,0.895,0.0,0.0,0.0,0.895,0.0,0.0,0,0.0,0.105,0.105,6771159.0,0.878256
44,150067.XSHE,150067,XSHE,国泰信用互利分级债券-B,2015-05-13,1.967,0.0,0.0,0.0,1.967,0.0,0.0,0,0.0,-0.967,-0.967,2901926.0,1.0
45,150073.XSHE,150073,XSHE,诺安中证创业成长指数分级-稳健,2015-05-13,1.12,1.111,1.139,1.071,1.136,0.016,0.0143,886662,987271.22,-0.114,-0.111546,3276952.0,0.991636
46,150075.XSHE,150075,XSHE,诺安中证创业成长指数分级-进取,2015-05-13,2.221,2.222,2.25,2.119,2.205,-0.016,-0.0072,1231172,2716183.674,0.132,0.056483,4915429.0,1.0
47,150076.XSHE,150076,XSHE,浙商沪深300指数分级-稳健,2015-05-13,0.944,0.944,0.945,0.936,0.938,-0.006,-0.0064,316959,297997.842,0.083,0.081293,4867991.0,0.825177
48,150077.XSHE,150077,XSHE,浙商沪深300指数分级-进取,2015-05-13,2.25,2.25,2.25,2.214,2.221,-0.029,-0.0129,344944,772305.38,-0.03,-0.013692,4867992.0,1.0
49,150080.XSHE,150080,XSHE,国联安双佳信用债券(LOF)-B,2015-05-13,1.197,1.198,1.2,1.198,1.2,0.003,0.0025,80101,96112.8,0.014,0.011532,68254026.0,1.0
50,150083.XSHE,150083,XSHE,广发深证100指数分级-A,2015-05-13,1.034,1.034,1.034,1.025,1.034,0.0,0.0,634522,655056.95,-0.0112,-0.01095,14593365.0,0.957498
51,150084.XSHE,150084,XSHE,广发深证100指数分级-B,2015-05-13,1.814,1.796,1.849,1.795,1.836,0.022,0.0121,1380655,2524468.098,0.0438,0.0233,14593366.0,1.0
52,150085.XSHE,150085,XSHE,申万菱信中小板指数分级-A,2015-05-13,1.017,1.007,1.014,0.991,0.996,-0.021,-0.0207,15014429,15038834.963,0.005,0.004995,222921525.0,1.275894
53,150086.XSHE,150086,XSHE,申万菱信中小板指数分级-B,2015-05-13,2.608,2.485,2.804,2.35,2.6,-0.008,-0.0031,68768913,177257599.515,-0.0274,-0.010651,222921525.0,1.0
54,150088.XSHE,150088,XSHE,金鹰中证500指数分级-A,2015-05-13,0.983,0.97,0.97,0.942,0.945,-0.038,-0.0387,3438598,3250893.154,0.055,0.055,13323817.0,0.981173
55,150089.XSHE,150089,XSHE,金鹰中证500指数分级-B,2015-05-13,3.254,3.2,3.25,3.105,3.214,-0.04,-0.0123,2640678,8438723.7,-2.214,-2.214,13323817.0,1.0
56,150090.XSHE,150090,XSHE,万家中证创业成长指数分级-A,2015-05-13,0.98,0.975,0.981,0.971,0.98,0.0,0.0,346900,339682.964,0.0428,0.041846,6354130.0,0.958936
57,150091.XSHE,150091,XSHE,万家中证创业成长指数分级-B,2015-05-13,2.668,2.58,2.649,2.55,2.61,-0.058,-0.0217,1007012,2608082.298,0.0038,0.001454,6354131.0,1.0
58,150092.XSHE,150092,XSHE,诺德深证300指数分级-A,2015-05-13,0.96,0.96,0.96,0.92,0.937,-0.023,-0.024,1183213,1098048.96,0.063,0.063,6968704.0,0.838487
59,150093.XSHE,150093,XSHE,诺德深证300指数分级-B,2015-05-13,3.21,3.15,3.22,3.145,3.19,-0.02,-0.0062,1159738,3693735.602,-2.19,-2.19,6968704.0,1.0
60,150094.XSHE,150094,XSHE,泰信基本面400分级-A,2015-05-13,0.917,0.915,0.923,0.914,0.922,0.005,0.0055,3407261,3127954.882,0.084,0.083499,19010699.0,0.971319
61,150095.XSHE,150095,XSHE,泰信基本面400分级-B,2015-05-13,1.259,1.242,1.279,1.236,1.27,0.011,0.0087,2104916,2655461.182,-0.06,-0.049587,19010699.0,3.248473
62,150096.XSHE,150096,XSHE,招商中证大宗商品股票指数分级-A,2015-05-13,1.027,1.026,1.03,1.022,1.022,-0.005,-0.0049,9053401,9308125.927,0.001,0.000978,642608470.0,1.112663
63,150097.XSHE,150097,XSHE,招商中证大宗商品股票指数分级-B,2015-05-13,1.43,1.425,1.498,1.41,1.482,0.052,0.0364,62175337,90734344.832,0.005,0.003362,642608470.0,1.0
64,150098.XSHE,150098,XSHE,长盛同庆中证800指数(LOF)-A,2015-05-13,1.054,1.055,1.058,1.055,1.058,0.004,0.0038,927638,980562.762,0.006,0.005639,161918536.0,1.16918
65,150099.XSHE,150099,XSHE,长盛同庆中证800指数(LOF)-B,2015-05-13,2.135,2.11,2.135,2.06,2.118,-0.017,-0.008,1400025,2954169.948,0.028,0.013048,242877805.0,1.0
66,150100.XSHE,150100,XSHE,鹏华中证A股资源产业指数分级-A,2015-05-13,0.88,0.881,0.883,0.874,0.876,-0.004,-0.0046,6659837,5849859.368,0.145,0.142018,667644765.0,0.757648
67,150101.XSHE,150101,XSHE,鹏华中证A股资源产业指数分级-B,2015-05-13,2.285,2.271,2.37,2.255,2.307,0.022,0.0096,71510442,164408118.818,-0.13,-0.059715,667644765.0,0.270243
68,150102.XSHE,150102,XSHE,长信利众分级债券-B,2015-05-13,1.199,1.186,1.199,1.186,1.196,-0.003,-0.0025,28300,33742.6,0.0478,0.038431,120400178.0,1.0
69,150104.XSHE,150104,XSHE,华安沪深300指数分级-A,2015-05-13,1.066,1.07,1.124,1.064,1.079,0.013,0.0122,457922,489673.224,-0.056,-0.054741,12337918.0,1.014047
70,150105.XSHE,150105,XSHE,华安沪深300指数分级-B,2015-05-13,2.31,2.31,2.31,2.275,2.288,-0.022,-0.0095,791348,1816302.589,0.093,0.039059,12337918.0,1.0
71,150106.XSHE,150106,XSHE,易方达中小板指数分级-A,2015-05-13,1.078,1.073,1.076,1.051,1.068,-0.01,-0.0093,4020089,4289590.952,-0.0233,-0.022303,24948057.0,1.467064
72,150107.XSHE,150107,XSHE,易方达中小板指数分级-B,2015-05-13,3.218,3.18,3.39,2.897,3.25,0.032,0.0099,8856155,27985044.183,-0.3751,-0.130474,24948058.0,1.0
73,150108.XSHE,150108,XSHE,长盛同辉深证100等权重指数分级-A,2015-05-13,1.072,1.07,1.074,1.053,1.072,0.0,0.0,1786629,1913190.859,-0.025,-0.023878,59170094.0,1.352637
74,150109.XSHE,150109,XSHE,长盛同辉深证100等权重指数分级-B,2015-05-13,2.995,2.99,3.05,2.95,3.041,0.046,0.0154,624546,1888531.443,-0.126,-0.043225,59170095.0,1.0
75,150112.XSHE,150112,XSHE,工银瑞信睿智深证100指数分级-A,2015-05-13,1.037,1.027,1.037,1.027,1.037,0.0,0.0,26550,27457.1,0.0183,0.017341,2073429.0,1.10745
76,150113.XSHE,150113,XSHE,工银瑞信睿智深证100指数分级-B,2015-05-13,2.325,2.336,2.336,2.257,2.308,-0.017,-0.0073,230700,530210.718,0.0115,0.004958,2073430.0,1.0
77,150114.XSHE,150114,XSHE,中海惠裕纯债分级债券-B,2015-05-13,1.145,1.145,1.148,1.145,1.145,0.0,0.0,11477878,13150201.31,0.032,0.027188,130711832.0,1.0
78,150117.XSHE,150117,XSHE,国泰国证房地产行业指数分级-A,2015-05-13,0.978,0.977,0.981,0.975,0.978,0.0,0.0,165086026,161544210.252,0.0256,0.025508,2799405383.0,1.142228
79,150118.XSHE,150118,XSHE,国泰国证房地产行业指数分级-B,2015-05-13,1.012,1.012,1.09,0.996,1.067,0.055,0.0544,528600422,544154430.054,-0.0206,-0.019687,2799405383.0,3.129949
80,150120.XSHE,150120,XSHE,东吴鼎利分级债-B,2015-05-13,1.026,1.026,1.035,1.025,1.032,0.006,0.0059,851000,874219.5,0.047,0.043559,26106311.0,1.0
81,150121.XSHE,150121,XSHE,银河沪深300成长增强指数分级-优先,2015-05-13,1.029,1.029,1.034,1.021,1.034,0.005,0.0049,2090685,2150664.561,-0.011,-0.010753,23406758.0,0.968013
82,150122.XSHE,150122,XSHE,银河沪深300成长增强指数分级-进取,2015-05-13,1.899,1.897,1.919,1.885,1.908,0.009,0.0047,2567300,4888849.3,0.061,0.03098,23406758.0,1.0
83,150123.XSHE,150123,XSHE,建信央视50-A,2015-05-13,1.119,1.109,1.135,1.109,1.123,0.004,0.0036,2077400,2346354.6,-0.0966,-0.094115,183025501.0,1.324719
84,150124.XSHE,150124,XSHE,建信央视50-B,2015-05-13,1.92,1.919,1.95,1.888,1.928,0.008,0.0042,8764787,16815341.875,0.124,0.060429,183025501.0,1.0
85,150128.XSHE,150128,XSHE,工银瑞信增利分级债券-B,2015-05-13,1.165,1.165,1.173,1.158,1.173,0.008,0.0069,384200,448333.1,0.037,0.030579,157279246.0,1.0
86,150129.XSHE,150129,XSHE,鹏华丰利分级债券-B,2015-05-13,1.031,1.04,1.046,1.031,1.038,0.007,0.0068,331459,343480.729,0.029,0.027179,221934147.0,1.0
87,150130.XSHE,150130,XSHE,国泰国证医药卫生行业指数分级-A,2015-05-13,0.997,0.995,0.998,0.991,0.997,0.0,0.0,166475579,165912275.787,0.0082,0.008158,5278261887.0,1.086197
88,150131.XSHE,150131,XSHE,国泰国证医药卫生行业指数分级-B,2015-05-13,1.067,1.067,1.099,1.027,1.072,0.005,0.0047,583728765,626461192.622,0.0076,0.00704,5278261887.0,2.237527
89,150133.XSHE,150133,XSHE,德邦德信中证中高收益企债指数分级-A,2015-05-13,0.954,0.953,0.954,0.952,0.954,0.0,0.0,2509691,2391833.877,0.048,0.047904,86041602.0,1.08
90,150134.XSHE,150134,XSHE,德邦德信中证中高收益企债指数分级-B,2015-05-13,1.12,1.112,1.127,1.112,1.122,0.002,0.0018,806931,901927.734,-0.099,-0.096774,36874973.0,1.144566
91,150135.XSHE,150135,XSHE,国富中证100指数增强分级-A,2015-05-13,0.985,0.979,0.987,0.979,0.982,-0.003,-0.0031,1651600,1627083.6,0.026,0.025794,68929510.0,1.0
92,150136.XSHE,150136,XSHE,国富中证100指数增强分级-B,2015-05-13,1.261,1.26,1.262,1.233,1.24,-0.021,-0.0167,3506723,4386904.88,-0.006,-0.004862,68929511.0,1.0
93,150137.XSHE,150137,XSHE,安信宝利分级债券-B,2015-05-13,1.201,1.198,1.208,1.198,1.208,0.007,0.0058,2444952,2941347.191,0.02,0.016287,605322533.0,1.0
94,150138.XSHE,150138,XSHE,银华中证800等权重指数增强分级-A,2015-05-13,0.959,0.97,0.985,0.97,0.985,0.026,0.0271,1003019,982428.685,0.027,0.02668,20059936.0,1.010025
95,150139.XSHE,150139,XSHE,银华中证800等权重指数增强分级-B,2015-05-13,1.628,1.628,1.648,1.564,1.592,-0.036,-0.0221,1178177,1906768.12,0.034,0.02091,20059936.0,2.262195
96,150140.XSHE,150140,XSHE,国金沪深300指数分级-A,2015-05-13,0.942,0.941,0.944,0.933,0.935,-0.007,-0.0074,715263,673538.887,0.0869,0.085038,45992586.0,0.873096
97,150141.XSHE,150141,XSHE,国金沪深300指数分级-B,2015-05-13,1.629,1.623,1.638,1.606,1.626,-0.003,-0.0018,1876404,3053516.527,-0.0562,-0.035801,45992586.0,2.217217
98,150142.XSHE,150142,XSHE,汇添富互利分级债-B,2015-05-13,1.479,1.467,1.509,1.458,1.508,0.029,0.0196,3978529,5928930.769,-0.206,-0.158218,50237354.0,1.0
99,150143.XSHE,150143,XSHE,银华中证转债指数增强分级-A,2015-05-13,0.906,0.903,0.911,0.903,0.91,0.004,0.0044,45994311,41796339.413,0.109,0.106968,1470795097.0,0.771582
100,150144.XSHE,150144,XSHE,银华中证转债指数增强分级-B,2015-05-13,1.003,1.0,1.0,0.96,0.963,-0.04,-0.0399,69324931,67725351.952,-0.231,-0.315574,630340756.0,3.86234
101,150145.XSHE,150145,XSHE,招商沪深300高贝塔指数分级-A,2015-05-13,1.02,1.02,1.025,0.993,1.025,0.005,0.0049,337000,344555.459,-0.016,-0.015857,41585568.0,0.921584
102,150146.XSHE,150146,XSHE,招商沪深300高贝塔指数分级-B,2015-05-13,1.332,1.299,1.313,1.281,1.295,-0.037,-0.0278,1771942,2294505.511,0.044,0.03286,41585569.0,2.178499
103,150147.XSHE,150147,XSHE,天弘同利分级债-B,2015-05-13,4.919,4.988,4.988,4.75,4.785,-0.134,-0.0272,408800,1965160.7,-3.524,-2.794607,3935084.0,1.0
104,150148.XSHE,150148,XSHE,信诚中证800医药指数分级-A,2015-05-13,0.895,0.894,0.894,0.884,0.894,-0.001,-0.0011,5174485,4604807.807,0.111,0.110448,297242185.0,0.818055
105,150149.XSHE,150149,XSHE,信诚中证800医药指数分级-B,2015-05-13,1.163,1.148,1.189,1.128,1.159,-0.004,-0.0034,30469664,35439695.044,-0.09,-0.084191,297242185.0,2.264516
106,150150.XSHE,150150,XSHE,信诚中证800有色指数分级-A,2015-05-13,0.862,0.862,0.865,0.859,0.865,0.003,0.0035,22386065,19304408.736,0.138,0.137587,772379794.0,0.778231
107,150151.XSHE,150151,XSHE,信诚中证800有色指数分级-B,2015-05-13,1.079,1.07,1.16,1.06,1.129,0.05,0.0463,161155985,179425595.27,-0.18,-0.189673,772379794.0,2.084479
108,150152.XSHE,150152,XSHE,富国创业板指数分级-A,2015-05-13,0.917,0.908,0.917,0.905,0.914,-0.003,-0.0033,316655403,289202967.456,0.094,0.093254,1415284873.0,0.869927
109,150153.XSHE,150153,XSHE,富国创业板指数分级-B,2015-05-13,2.226,2.003,2.218,2.003,2.018,-0.208,-0.0934,602477283,1254053180.89,-0.192,-0.105148,1415284874.0,2.121331
110,150154.XSHE,150154,XSHE,中海惠丰纯债分级债-B,2015-05-13,1.193,1.199,1.199,1.188,1.192,-0.001,-0.0008,24300,28966.9,0.029,0.023751,51645441.0,1.0
111,150156.XSHE,150156,XSHE,中银互利分级债-B,2015-05-13,1.268,1.268,1.276,1.261,1.266,-0.002,-0.0016,261300,331407.9,0.025,0.019365,202590927.0,1.0
112,150157.XSHE,150157,XSHE,信诚中证800金融指数分级-A,2015-05-13,0.902,0.902,0.903,0.895,0.898,-0.004,-0.0044,21694449,19500804.102,0.126,0.123047,5170862140.0,0.771558
113,150158.XSHE,150158,XSHE,信诚中证800金融指数分级-B,2015-05-13,1.628,1.65,1.661,1.586,1.6,-0.028,-0.0172,382589651,620888001.464,-0.116,-0.078167,5170862141.0,2.289401
114,150160.XSHE,150160,XSHE,融通通福分级债券-B,2015-05-13,1.298,1.306,1.306,1.292,1.299,0.001,0.0008,964100,1252236.0,0.055,0.04062,78443838.0,1.0
115,150161.XSHE,150161,XSHE,新华惠鑫分级债-B,2015-05-13,1.482,1.479,1.485,1.479,1.483,0.001,0.0007,2267900,3363617.6,0.07,0.045074,42522859.0,1.0
116,150164.XSHE,150164,XSHE,东吴中证可转债指数分级-优先,2015-05-13,0.908,0.908,0.92,0.908,0.916,0.008,0.0088,1801927,1648059.754,0.105,0.10284,281594670.0,0.786174
117,150165.XSHE,150165,XSHE,东吴中证可转债指数分级-进取,2015-05-13,1.442,1.446,1.446,1.387,1.387,-0.055,-0.0381,9921515,13970589.581,-0.199,-0.167508,120683431.0,2.450319
118,150167.XSHE,150167,XSHE,银华沪深300指数分级-A,2015-05-13,0.972,0.966,0.973,0.966,0.972,0.0,0.0,1012353,983546.347,0.049,0.047992,103289944.0,0.92058
119,150168.XSHE,150168,XSHE,银华沪深300指数分级-B,2015-05-13,1.547,1.52,1.546,1.52,1.53,-0.017,-0.011,5493177,8432178.728,-0.021,-0.013917,103289944.0,2.09
120,150169.XSHE,150169,XSHE,汇添富恒生指数分级(QDII)-A,2015-05-13,0.846,0.847,0.851,0.846,0.85,0.004,0.0047,46004873,39051979.122,0.17,0.166667,2552259246.0,0.874
121,150170.XSHE,150170,XSHE,汇添富恒生指数分级(QDII)-B,2015-05-13,1.354,1.351,1.351,1.326,1.329,-0.025,-0.0185,120829563,161332164.96,-0.155,-0.132027,2552259246.0,1.0
122,150171.XSHE,150171,XSHE,申万菱信中证申万证券行业指数分级-A,2015-05-13,0.841,0.841,0.847,0.84,0.845,0.004,0.0048,227794275,192405805.832,0.1643,0.162786,18604197395.0,0.917
123,150172.XSHE,150172,XSHE,申万菱信中证申万证券行业指数分级-B,2015-05-13,1.577,1.574,1.574,1.51,1.523,-0.054,-0.0342,1711126988,2635920885.22,-0.1509,-0.109977,18604197395.0,4.897784
124,150173.XSHE,150173,XSHE,信诚中证TMT产业主题指数分级-A,2015-05-13,0.867,0.865,0.874,0.848,0.85,-0.017,-0.0196,8798572,7515585.575,0.158,0.156746,359339243.0,0.878
125,150174.XSHE,150174,XSHE,信诚中证TMT产业主题指数分级-B,2015-05-13,1.585,1.55,1.688,1.442,1.6,0.015,0.0095,91854857,145681874.444,-0.142,-0.097394,359339243.0,2.75
126,150175.XSHE,150175,XSHE,银华恒生国企指数分级(QDII)-A,2015-05-13,0.882,0.881,0.881,0.875,0.875,-0.007,-0.0079,79202472,69458459.309,0.1526,0.148501,1486271336.0,0.974
127,150176.XSHE,150176,XSHE,银华恒生国企指数分级(QDII)-B,2015-05-13,1.609,1.608,1.61,1.562,1.565,-0.044,-0.0274,127136598,200932234.74,-0.1701,-0.121944,1486271336.0,1.0
128,150177.XSHE,150177,XSHE,鹏华中证800证券保险指数分级-A,2015-05-13,0.839,0.839,0.845,0.838,0.841,0.002,0.0024,87023253,73210307.349,0.167,0.165675,4583075960.0,0.659188
129,150178.XSHE,150178,XSHE,鹏华中证800证券保险指数分级-B,2015-05-13,1.395,1.391,1.42,1.338,1.353,-0.042,-0.0301,398174090,545975454.691,-0.167,-0.140809,4583075960.0,5.510873
130,150179.XSHE,150179,XSHE,鹏华中证信息技术指数分级-A,2015-05-13,0.855,0.854,0.859,0.849,0.854,-0.001,-0.0012,19018065,16266659.992,0.146,0.146,175412766.0,0.778774
131,150180.XSHE,150180,XSHE,鹏华中证信息技术指数分级-B,2015-05-13,2.28,2.18,2.38,2.08,2.3,0.02,0.0088,79172802,181359543.292,-1.3,-1.3,175412766.0,2.226006
132,150181.XSHE,150181,XSHE,富国中证军工指数分级-A,2015-05-13,0.83,0.831,0.836,0.83,0.835,0.005,0.006,314004350,261390989.087,0.167,0.166667,4998982812.0,0.67308
133,150182.XSHE,150182,XSHE,富国中证军工指数分级-B,2015-05-13,1.377,1.4,1.505,1.32,1.419,0.042,0.0305,1162640291,1679333925.3,-0.285,-0.251323,4998982812.0,5.120942
134,150184.XSHE,150184,XSHE,申万菱信中证环保产业指数分级-A,2015-05-13,0.9,0.9,0.903,0.897,0.901,0.001,0.0011,19093940,17170625.798,0.1564,0.14791,1321793735.0,1.0
135,150185.XSHE,150185,XSHE,申万菱信中证环保产业指数分级-B,2015-05-13,1.841,1.813,1.918,1.75,1.844,0.003,0.0016,150158818,278700812.438,-0.1698,-0.101422,1321793735.0,1.945489
136,150186.XSHE,150186,XSHE,申万菱信中证军工指数分级-A,2015-05-13,0.875,0.875,0.885,0.873,0.88,0.005,0.0057,19650704,17246874.406,0.1683,0.160546,501901500.0,1.0
137,150187.XSHE,150187,XSHE,申万菱信中证军工指数分级-B,2015-05-13,2.017,2.02,2.168,1.928,2.015,-0.002,-0.001,122836829,255759245.715,-0.2411,-0.135915,501901500.0,1.955619
138,150188.XSHE,150188,XSHE,招商可转债分级债券-A,2015-05-13,1.008,1.005,1.018,1.0,1.015,0.007,0.0069,25181676,25496675.108,0.004,0.003925,2110046740.0,0.946585
139,150189.XSHE,150189,XSHE,招商可转债分级债券-B,2015-05-13,1.154,1.15,1.151,1.105,1.114,-0.04,-0.0347,90178549,101287103.122,0.012,0.010657,904305746.0,5.484008
140,150190.XSHE,150190,XSHE,新华中证环保产业指数分级-A,2015-05-13,1.001,1.001,1.005,0.996,1.005,0.004,0.004,26313324,26376958.054,0.001,0.000994,1188818878.0,0.985245
141,150191.XSHE,150191,XSHE,新华中证环保产业指数分级-B,2015-05-13,1.092,1.095,1.118,1.062,1.099,0.007,0.0064,151417213,166353185.926,0.025,0.022242,1188818878.0,2.109053
142,150192.XSHE,150192,XSHE,鹏华中证800地产指数分级-A,2015-05-13,0.857,0.855,0.87,0.855,0.867,0.01,0.0117,49358882,42590404.523,0.142,0.140733,703891591.0,0.829071
143,150193.XSHE,150193,XSHE,鹏华中证800地产指数分级-B,2015-05-13,1.571,1.571,1.663,1.5,1.632,0.061,0.0388,134943227,214328586.231,-0.117,-0.077228,703891591.0,1.957854
144,150194.XSHE,150194,XSHE,富国中证移动互联网指数分级-A,2015-05-13,0.85,0.85,0.853,0.848,0.85,0.0,0.0,17183158,14604014.237,0.158,0.156746,882652609.0,0.763694
145,150195.XSHE,150195,XSHE,富国中证移动互联网指数分级-B,2015-05-13,1.863,1.78,1.975,1.693,1.837,-0.026,-0.014,282955479,528444472.32,-0.179,-0.107961,882652609.0,2.160232
146,150196.XSHE,150196,XSHE,国泰国证有色金属行业指数分级-A,2015-05-13,0.967,0.967,0.97,0.966,0.967,0.0,0.0,263201889,254761258.406,0.041,0.040675,4052367375.0,1.0
147,150197.XSHE,150197,XSHE,国泰国证有色金属行业指数分级-B,2015-05-13,1.052,1.054,1.094,1.045,1.079,0.027,0.0257,622846252,671107731.805,-0.041,-0.039499,4052367375.0,1.0
148,150198.XSHE,150198,XSHE,国泰国证食品饮料行业指数分级-A,2015-05-13,0.999,0.997,1.003,0.996,1.0,0.001,0.001,13790382,13796340.241,0.0237,0.023151,903592501.0,0.972
149,150199.XSHE,150199,XSHE,国泰国证食品饮料行业指数分级-B,2015-05-13,1.88,1.877,1.956,1.847,1.897,0.017,0.009,85172961,162519669.892,-0.0027,-0.001425,903592501.0,1.0
150,150200.XSHE,150200,XSHE,招商中证全指证券公司指数分级-A,2015-05-13,0.887,0.887,0.895,0.883,0.886,-0.001,-0.0011,41859069,37181829.596,0.144,0.139806,4091035824.0,1.0
151,150201.XSHE,150201,XSHE,招商中证全指证券公司指数分级-B,2015-05-13,1.668,1.659,1.66,1.601,1.616,-0.052,-0.0312,329778596,538874014.946,-0.126,-0.084564,4091035825.0,1.0
152,150203.XSHE,150203,XSHE,鹏华中证传媒指数分级-A,2015-05-13,0.845,0.846,0.848,0.842,0.844,-0.001,-0.0012,17056767,14401314.045,0.164,0.162698,536752502.0,0.895
153,150204.XSHE,150204,XSHE,鹏华中证传媒指数分级-B,2015-05-13,1.674,1.599,1.84,1.53,1.759,0.085,0.0508,144756537,250131776.63,-0.271,-0.182124,536752502.0,2.486922
154,150205.XSHE,150205,XSHE,鹏华中证国防指数分级-A,2015-05-13,0.831,0.831,0.835,0.83,0.834,0.003,0.0036,69851829,58100050.628,0.167,0.166833,884478550.0,0.864
155,150206.XSHE,150206,XSHE,鹏华中证国防指数分级-B,2015-05-13,1.29,1.295,1.415,1.294,1.37,0.08,0.062,321409147,441492628.418,-0.287,-0.265005,884478550.0,2.431866
156,150207.XSHE,150207,XSHE,招商沪深300地产等权重指数分级-A,2015-05-13,0.881,0.881,0.933,0.868,0.928,0.047,0.0534,694613,624313.946,0.098,0.095517,35845774.0,1.0
157,150208.XSHE,150208,XSHE,招商沪深300地产等权重指数分级-B,2015-05-13,1.909,1.909,2.09,1.875,2.035,0.126,0.066,7832464,15090160.14,-0.165,-0.088235,35845775.0,1.0
158,150209.XSHE,150209,XSHE,富国中证国有企业改革指数分级-A,2015-05-13,0.858,0.856,0.87,0.854,0.87,0.012,0.014,95373633,82433414.543,0.153,0.14956,3717981275.0,1.0
159,150210.XSHE,150210,XSHE,富国中证国有企业改革指数分级-B,2015-05-13,1.994,1.99,1.99,1.93,1.954,-0.04,-0.0201,280393779,551627298.803,-0.117,-0.063691,3717981275.0,1.0
160,150211.XSHE,150211,XSHE,富国中证新能源汽车指数分级-A,2015-05-13,0.907,0.908,0.913,0.906,0.912,0.005,0.0055,142370437,129410052.583,0.095,0.09434,1646005354.0,1.0
161,150212.XSHE,150212,XSHE,富国中证新能源汽车指数分级-B,2015-05-13,1.239,1.241,1.248,1.201,1.22,-0.019,-0.0153,193450324,237967709.571,-0.055,-0.04721,1646005355.0,1.0
162,150213.XSHE,150213,XSHE,国投瑞银瑞泽中证创业成长指数分级-A,2015-05-13,0.932,0.933,0.939,0.932,0.938,0.006,0.0064,13879562,12999116.603,0.072,0.071287,177039983.0,1.0
163,150214.XSHE,150214,XSHE,国投瑞银瑞泽中证创业成长指数分级-B,2015-05-13,1.297,1.255,1.317,1.228,1.293,-0.004,-0.0031,34595704,44304858.518,-0.045,-0.036058,177039983.0,1.0
164,150215.XSHE,150215,XSHE,国泰深证TMT50指数分级-A,2015-05-13,0.846,0.845,0.847,0.84,0.843,-0.003,-0.0036,11044602,9316484.954,0.1644,0.163192,177919024.0,1.0
165,150216.XSHE,150216,XSHE,国泰深证TMT50指数分级-B,2015-05-13,1.53,1.53,1.649,1.377,1.637,0.107,0.0699,51936789,81712610.207,-0.2944,-0.219276,177919024.0,1.0
166,150217.XSHE,150217,XSHE,交银国证新能源指数分级-A,2015-05-13,0.857,0.854,0.859,0.854,0.857,0.0,0.0,23353309,20016996.94,0.15,0.148957,816904961.0,1.0
167,150218.XSHE,150218,XSHE,交银国证新能源指数分级-B,2015-05-13,1.405,1.41,1.441,1.358,1.416,0.011,0.0078,101325379,142997969.769,-0.121,-0.093436,816904962.0,1.0
168,150219.XSHE,150219,XSHE,前海开源中证健康产业指数分级-A,2015-05-13,1.005,1.005,1.009,1.005,1.008,0.003,0.003,272498195,274418712.752,-0.003,-0.002985,969555782.0,1.0
169,150220.XSHE,150220,XSHE,前海开源中证健康产业指数分级-B,2015-05-13,0.979,0.983,0.984,0.976,0.978,-0.001,-0.001,256705572,251589044.459,0.017,0.017085,969555782.0,1.0
170,150221.XSHE,150221,XSHE,前海开源中航军工指数分级-A,2015-05-13,1.07,1.068,1.068,1.059,1.066,-0.004,-0.0037,382766959,406884473.364,-0.057,-0.056492,6402759134.0,1.0
171,150222.XSHE,150222,XSHE,前海开源中航军工指数分级-B,2015-05-13,1.0,0.975,1.009,0.968,0.978,-0.022,-0.022,1239963502,1223920983.93,0.031,0.030723,6402759135.0,1.0
172,150223.XSHE,150223,XSHE,富国中证全指证券公司指数分级-A,2015-05-13,0.95,0.951,0.961,0.951,0.957,0.007,0.0074,86806273,83112326.057,0.051,0.050595,2058120645.0,1.0
173,150224.XSHE,150224,XSHE,富国中证全指证券公司指数分级-B,2015-05-13,1.228,1.22,1.227,1.176,1.181,-0.047,-0.0383,238881657,286529438.234,-0.051,-0.045133,2058120645.0,1.0
174,150227.XSHE,150227,XSHE,鹏华中证银行指数分级-A,2015-05-13,0.83,0.83,0.834,0.829,0.832,0.002,0.0024,442716481,367943958.096,0.172,0.171315,4238807196.0,1.0
175,150228.XSHE,150228,XSHE,鹏华中证银行指数分级-B,2015-05-13,1.121,1.14,1.159,1.103,1.122,0.001,0.0009,847468123,959011609.271,-0.21,-0.230263,4238807196.0,1.0
176,150229.XSHE,150229,XSHE,鹏华中证酒指数分级-A,2015-05-13,0.832,0.829,0.84,0.828,0.838,0.006,0.0072,62744070,52285038.858,0.164,0.163673,211128163.0,1.0
177,150230.XSHE,150230,XSHE,鹏华中证酒指数分级-B,2015-05-13,1.212,1.212,1.236,1.095,1.183,-0.029,-0.0239,57764988,69146990.558,-0.139,-0.133142,211128164.0,1.0
178,150241.XSHE,150241,XSHE,富国中证银行指数分级-A,2015-05-13,1.002,0.902,0.902,0.902,0.902,-0.1,-0.0998,797900,719705.8,0.1,0.0998,198035070.0,1.0
179,150242.XSHE,150242,XSHE,富国中证银行指数分级-B,2015-05-13,1.024,1.126,1.126,1.126,1.126,0.102,0.0996,180128,202824.128,-0.126,-0.126,198035071.0,1.0
180,159001.XSHE,159001,XSHE,易方达保证金收益货币ETF-A,2015-05-13,100.007,99.999,100.001,99.999,100.001,-0.006,-0.0001,22555502,2255550721.56,-0.001,-1e-05,11055656.0,1.0
181,159003.XSHE,159003,XSHE,招商保证金快线货币ETF-A,2015-05-13,100.007,100.0,100.001,99.999,100.001,-0.006,-0.0001,7900535,790053446.04,-0.001,-1e-05,12956273.0,1.0
182,159005.XSHE,159005,XSHE,汇添富收益快钱货币ETF-A,2015-05-13,100.003,100.0,100.001,99.999,100.0,-0.003,0.0,18042944,1804294475.59,0.0,0.0,3615028.0,1.0
183,159901.XSHE,159901,XSHE,易方达深证100ETF,2015-05-13,5.41,5.41,5.489,5.355,5.437,0.027,0.005,256885120,1396404805.71,-0.0022,-0.000405,1587367465.0,1.030717
184,159902.XSHE,159902,XSHE,华夏中小企业100ETF,2015-05-13,4.461,4.439,4.569,4.38,4.509,0.048,0.0108,351577613,1581453136.42,0.005,0.001108,322426849.0,1.047947
185,159903.XSHE,159903,XSHE,南方深证成份ETF,2015-05-13,1.584,1.58,1.6,1.568,1.589,0.005,0.0032,38728833,61468258.271,0.002,0.001257,851654507.0,1.0
186,159905.XSHE,159905,XSHE,工银瑞信深证红利ETF,2015-05-13,1.362,1.362,1.367,1.354,1.367,0.005,0.0037,10320400,14045154.2,0.0003,0.000219,378943951.0,1.0
187,159906.XSHE,159906,XSHE,大成深证成长40ETF,2015-05-13,1.318,1.316,1.344,1.3,1.31,-0.008,-0.0061,3138827,4138952.086,0.008,0.00607,397639725.0,1.0
188,159907.XSHE,159907,XSHE,广发国证2000ETF,2015-05-13,1.942,1.94,2.136,1.9,1.99,0.048,0.0247,13155171,25811737.504,-0.0257,-0.013084,166098847.0,1.0
189,159908.XSHE,159908,XSHE,博时深证基本面200ETF,2015-05-13,1.409,1.387,1.405,1.386,1.387,-0.022,-0.0156,1041718,1445553.248,0.0364,0.025573,59729029.0,1.0
190,159909.XSHE,159909,XSHE,招商深证电子信息传媒产业(TMT)50ETF,2015-05-13,7.652,7.65,8.08,7.48,7.825,0.173,0.0226,4732149,37601373.949,0.086,0.010871,19271449.0,1.0
191,159910.XSHE,159910,XSHE,嘉实深证基本面120ETF,2015-05-13,1.545,1.517,1.578,1.517,1.562,0.017,0.011,33020003,51299072.528,0.0029,0.001853,104906143.0,1.0
192,159911.XSHE,159911,XSHE,鹏华深证民营ETF,2015-05-13,6.235,6.253,6.399,6.25,6.312,0.077,0.0124,133589,840513.732,0.0122,0.001929,15772540.0,1.0
193,159912.XSHE,159912,XSHE,汇添富深证300ETF,2015-05-13,1.851,1.848,1.848,1.8,1.807,-0.044,-0.0238,555233,1005928.612,0.0281,0.015313,62348991.0,1.0
194,159913.XSHE,159913,XSHE,交银深证300价值ETF,2015-05-13,1.742,1.787,1.787,1.71,1.711,-0.031,-0.0178,50700,87863.7,0.075,0.041993,27329693.0,1.0
195,159915.XSHE,159915,XSHE,易方达创业板ETF,2015-05-13,3.129,3.05,3.115,2.987,3.036,-0.093,-0.0297,730238627,2236142217.38,0.0262,0.008556,759454936.0,1.0
196,159916.XSHE,159916,XSHE,建信深证基本面60ETF,2015-05-13,2.898,2.831,2.909,2.808,2.847,-0.051,-0.0176,9069,25852.945,0.1116,0.037721,45066039.0,1.0
197,159917.XSHE,159917,XSHE,国泰中小板300成长ETF,2015-05-13,2.044,1.991,2.086,1.991,2.064,0.02,0.0098,624053,1269293.568,-0.012,-0.005848,20132924.0,1.0
198,159918.XSHE,159918,XSHE,嘉实中创400ETF,2015-05-13,3.08,2.905,2.98,2.802,2.937,-0.143,-0.0464,800939,2322992.841,0.0131,0.004441,56561264.0,1.0
199,159919.XSHE,159919,XSHE,嘉实沪深300ETF,2015-05-13,4.912,4.912,4.914,4.862,4.875,-0.037,-0.0075,225328867,1101835354.2,0.0279,0.005691,7865206477.0,0.382228
200,159920.XSHE,159920,XSHE,华夏恒生ETF(QDII),2015-05-13,1.279,1.273,1.276,1.255,1.255,-0.024,-0.0188,56118740,71036432.5,0.0011,0.000876,1513559219.0,1.0
201,159921.XSHE,159921,XSHE,诺安中小板等权重ETF,2015-05-13,2.135,2.07,2.17,2.07,2.112,-0.023,-0.0108,114920,243565.2,0.09,0.040872,3305171.0,1.0
202,159922.XSHE,159922,XSHE,嘉实中证500ETF,2015-05-13,8.608,8.597,8.774,8.508,8.673,0.065,0.0076,5394882,46818211.707,0.0385,0.004419,120581868.0,1.0
203,159923.XSHE,159923,XSHE,大成中证100ETF,2015-05-13,1.715,1.725,1.725,1.688,1.693,-0.022,-0.0128,2726189,4671870.347,0.025,0.014552,57285812.0,1.0
204,159924.XSHE,159924,XSHE,景顺长城沪深300等权重ETF,2015-05-13,1.979,1.968,1.997,1.967,1.978,-0.001,-0.0005,450308,893446.478,0.006,0.003024,102515929.0,1.0
205,159925.XSHE,159925,XSHE,南方沪深300ETF,2015-05-13,1.853,1.85,1.86,1.836,1.837,-0.016,-0.0086,17058570,31417005.996,0.0251,0.013479,1133199451.0,1.0
206,159926.XSHE,159926,XSHE,嘉实中证金边中期国债ETF,2015-05-13,103.7,0.0,0.0,0.0,103.7,0.0,0.0,0,0.0,2.377,0.022408,282698.0,1.0
207,159927.XSHE,159927,XSHE,鹏华沪深300ETF,2015-05-13,4.682,4.69,4.741,4.65,4.681,-0.001,-0.0002,201852,948511.418,0.0721,0.015169,16192168.0,1.0
208,159928.XSHE,159928,XSHE,汇添富中证主要消费ETF,2015-05-13,1.604,1.604,1.656,1.592,1.631,0.027,0.0168,1483166,2415541.115,0.0106,0.006457,1524157260.0,1.0
209,159929.XSHE,159929,XSHE,汇添富中证医药卫生ETF,2015-05-13,1.723,1.719,1.741,1.705,1.733,0.01,0.0058,2679010,4625766.344,0.028,0.0159,101704203.0,1.0
210,159930.XSHE,159930,XSHE,汇添富中证能源ETF,2015-05-13,1.347,1.34,1.34,1.32,1.321,-0.026,-0.0193,853440,1132682.92,0.0086,0.006468,21398150.0,1.0
211,159931.XSHE,159931,XSHE,汇添富中证金融地产ETF,2015-05-13,1.889,1.889,1.902,1.857,1.866,-0.023,-0.0122,3192000,5996334.9,0.0291,0.015355,99328511.0,1.0
212,159932.XSHE,159932,XSHE,大成中证500深市ETF,2015-05-13,2.35,2.29,2.35,2.261,2.305,-0.045,-0.0192,57766,134397.825,0.092,0.038381,2606145.0,1.0
213,159933.XSHE,159933,XSHE,国投瑞银沪深300金融地产ETF,2015-05-13,1.962,1.96,1.968,1.931,1.934,-0.028,-0.0143,685300,1332089.5,0.0279,0.014221,1214878943.0,1.0
214,159934.XSHE,159934,XSHE,易方达黄金ETF,2015-05-13,2.37,2.376,2.377,2.371,2.377,0.007,0.003,851276,2020888.538,0.0089,0.00373,22662646.0,1.0
215,159935.XSHE,159935,XSHE,景顺长城中证500ETF,2015-05-13,2.245,2.227,2.288,2.227,2.27,0.025,0.0111,250200,567301.0,0.0083,0.003643,24572956.0,1.0
216,159936.XSHE,159936,XSHE,广发中证全指可选消费ETF,2015-05-13,2.05,2.077,2.089,1.972,2.043,-0.007,-0.0034,241200,497566.3,0.0511,0.024402,212156094.0,1.0
217,159937.XSHE,159937,XSHE,博时黄金ETF,2015-05-13,2.363,2.37,2.387,2.36,2.368,0.005,0.0021,142340,336784.564,0.0139,0.005836,1321977.0,1.0
218,159938.XSHE,159938,XSHE,广发中证全指医药卫生ETF,2015-05-13,1.613,1.613,1.618,1.552,1.603,-0.01,-0.0062,1821760,2925006.488,0.0082,0.005089,62283618.0,1.0
219,159939.XSHE,159939,XSHE,广发中证全指信息技术ETF,2015-05-13,1.928,1.92,1.92,1.75,1.831,-0.097,-0.0503,10773137,20042500.63,-0.0593,-0.033471,246828053.0,1.0
220,159940.XSHE,159940,XSHE,广发中证全指金融地产ETF,2015-05-13,0.998,0.994,1.004,0.985,0.991,-0.007,-0.007,6906922,6857857.131,0.0149,0.014813,355059983.0,1.0
221,160105.XSHE,160105,XSHE,南方积极配置混合(LOF),2015-05-13,1.746,1.736,1.775,1.736,1.763,0.017,0.0097,288637,508143.991,0.0196,0.010995,25347913.0,3.29327
222,160106.XSHE,160106,XSHE,南方高增长混合(LOF),2015-05-13,2.532,2.533,2.533,2.49,2.52,-0.012,-0.0047,885489,2226305.459,0.0209,0.008225,61544179.0,3.180644
223,160119.XSHE,160119,XSHE,南方中证500指数ETF联接(LOF)-A,2015-05-13,2.018,2.011,2.05,1.991,2.038,0.02,0.0099,1372103,2772219.432,0.0147,0.007161,35536369.0,1.091001
224,160123.XSHE,160123,XSHE,南方中证50债券指数(LOF)-A,2015-05-13,1.149,1.149,1.15,1.141,1.15,0.001,0.0009,7700,8841.9,-0.0031,-0.002703,1872441.0,1.028896
225,160125.XSHE2,160125,XSHE,南方香港优选股票(QDII-LOF),2015-05-13,1.195,1.195,1.208,1.188,1.191,-0.004,-0.0034,39715010,47574170.704,0.0255,0.020962,432800397.0,1.085975
226,160128.XSHE,160128,XSHE,南方金利定开债券-A,2015-05-13,1.042,1.042,1.044,1.041,1.044,0.002,0.0019,314800,328198.9,0.001,0.000957,52156342.0,1.17969
227,160130.XSHE,160130,XSHE,南方永利1年定开债券(LOF)-A,2015-05-13,1.231,1.232,1.235,1.229,1.23,-0.001,-0.0008,207800,255902.2,0.001,0.000812,9686754.0,1.327207
228,160131.XSHE,160131,XSHE,南方聚利1年定开债券(LOF)-A,2015-05-13,1.133,1.133,1.133,1.104,1.129,-0.004,-0.0035,71900,80446.9,-0.101,-0.098249,1680418.0,1.106404
229,160133.XSHE,160133,XSHE,南方天元新产业股票(LOF),2015-05-13,1.982,1.97,2.0,1.97,1.996,0.014,0.0071,2575633,5123963.484,0.011,0.005481,460131646.0,1.0
230,160211.XSHE,160211,XSHE,国泰中小盘成长混合(LOF),2015-05-13,2.359,2.334,2.359,2.288,2.358,-0.001,-0.0004,104025,243126.703,0.026,0.010906,43499024.0,1.0
231,160212.XSHE,160212,XSHE,国泰估值优势混合(LOF)-A,2015-05-13,1.776,1.79,1.807,1.776,1.8,0.024,0.0135,192994,346425.435,0.023,0.012617,14423046.0,1.0
232,160215.XSHE,160215,XSHE,国泰价值经典灵活配置混合(LOF),2015-05-13,1.849,1.849,1.88,1.702,1.758,-0.091,-0.0492,92001,162284.402,0.017,0.009577,5069950.0,1.0
233,160216.XSHE,160216,XSHE,国泰大宗商品配置(QDII-LOF-FOF),2015-05-13,0.69,0.704,0.706,0.698,0.702,0.012,0.0174,24235243,16990292.607,0.012,0.016807,244038487.0,1.0
234,160220.XSHE,160220,XSHE,国泰民益灵活配置混合(LOF)-A,2015-05-13,1.23,1.229,1.23,1.226,1.228,-0.002,-0.0016,58313741,71599349.01,-0.015,-0.012366,3153293508.0,1.0
235,160311.XSHE,160311,XSHE,华夏蓝筹核心混合(LOF)-A,2015-05-13,1.592,1.592,1.592,1.579,1.579,-0.013,-0.0082,2214445,3508103.016,0.012,0.007542,199558489.0,1.385925
236,160314.XSHE,160314,XSHE,华夏行业精选混合(LOF),2015-05-13,1.578,1.578,1.599,1.555,1.596,0.018,0.0114,1937806,3066663.951,0.012,0.007463,146899487.0,1.295858
237,160415.XSHE,160415,XSHE,华安深证300指数(LOF),2015-05-13,1.715,1.705,1.73,1.705,1.718,0.003,0.0018,34304,59217.42,0.034,0.019406,2633793.0,1.0
238,160416.XSHE,160416,XSHE,华安标普全球石油指数(QDII-LOF)-A,2015-05-13,0.945,0.949,0.951,0.947,0.949,0.004,0.0042,7348979,6970446.263,0.007,0.007322,300669296.0,1.03413
239,160505.XSHE,160505,XSHE,博时主题行业混合(LOF),2015-05-13,3.315,3.317,3.32,3.289,3.302,-0.013,-0.0039,2116160,6985289.589,0.031,0.009301,144260227.0,2.951819
240,160512.XSHE,160512,XSHE,博时卓越品牌混合(LOF)-A,2015-05-13,2.103,2.15,2.186,2.128,2.148,0.045,0.0214,199561,428509.988,0.065,0.029372,32699360.0,1.090905
241,160513.XSHE,160513,XSHE,博时稳健回报债券(LOF)-A,2015-05-13,1.333,1.313,1.313,1.313,1.313,-0.02,-0.015,100,131.3,0.007,0.005303,5738093.0,1.057339
242,160515.XSHE,160515,XSHE,博时安丰18个月定开债券(LOF)-A,2015-05-13,1.056,1.058,1.06,1.058,1.06,0.004,0.0038,41600,44052.6,-0.002,-0.00189,5028410.0,1.164294
243,160607.XSHE,160607,XSHE,鹏华价值优势混合(LOF),2015-05-13,1.33,1.328,1.328,1.311,1.322,-0.008,-0.006,1392795,1837451.023,0.015,0.011219,164133689.0,3.52947
244,160610.XSHE,160610,XSHE,鹏华动力增长混合(LOF),2015-05-13,1.916,1.916,1.928,1.832,1.912,-0.004,-0.0021,1876284,3579830.41,0.016,0.008299,61337624.0,1.438636
245,160611.XSHE,160611,XSHE,鹏华优质治理混合(LOF)-A,2015-05-13,1.216,1.217,1.22,1.18,1.215,-0.001,-0.0008,953225,1156676.759,0.016,0.012998,167130240.0,1.099005
246,160613.XSHE,160613,XSHE,鹏华盛世创新混合(LOF)-A,2015-05-13,2.027,2.057,2.067,2.008,2.029,0.002,0.001,51900,106714.2,0.024,0.01169,1538741.0,1.324267
247,160615.XSHE,160615,XSHE,鹏华沪深300ETF联接(LOF)-A,2015-05-13,1.725,1.71,1.724,1.638,1.724,-0.001,-0.0006,161241,269192.229,0.005,0.002892,13124810.0,1.047022
248,160616.XSHE,160616,XSHE,鹏华中证500指数(LOF)-A,2015-05-13,1.73,1.702,1.75,1.702,1.735,0.005,0.0029,164901,285115.345,0.026,0.014764,14177676.0,1.0
249,160617.XSHE,160617,XSHE,鹏华丰润债券(LOF),2015-05-13,1.309,1.223,1.309,1.223,1.29,-0.019,-0.0145,25900,33411.8,-0.003,-0.002331,8908989.0,1.13507
250,160618.XSHE,160618,XSHE,鹏华丰泽债券(LOF),2015-05-13,1.059,1.075,1.092,1.07,1.071,0.012,0.0113,56000,60666.715,0.011,0.010166,121600245.0,1.0
251,160621.XSHE,160621,XSHE,鹏华中小企业纯债债券,2015-05-13,1.18,1.178,1.183,1.178,1.183,0.003,0.0025,1183460,1395078.38,0.041,0.033497,127404514.0,1.079608
252,160706.XSHE,160706,XSHE,嘉实沪深300ETF联接(LOF)-A,2015-05-13,1.262,1.26,1.262,1.246,1.254,-0.008,-0.0063,23056162,28948829.413,0.014,0.011041,1107696034.0,3.503409
253,160716.XSHE,160716,XSHE,嘉实中证锐联基本面50指数(LOF)-A,2015-05-13,1.393,1.393,1.398,1.372,1.377,-0.016,-0.0115,5500251,7635702.292,0.0129,0.009281,96694856.0,1.0
254,160717.XSHE,160717,XSHE,嘉实恒生中国企业指数(QDII-LOF),2015-05-13,0.894,0.893,0.894,0.88,0.883,-0.011,-0.0123,65328211,58164847.016,0.0048,0.005407,931218897.0,1.0
255,160719.XSHE,160719,XSHE,嘉实黄金(QDII-LOF-FOF),2015-05-13,0.624,0.626,0.627,0.624,0.626,0.002,0.0032,58130912,36387337.362,0.016,0.024922,812313590.0,1.0
256,160720.XSHE,160720,XSHE,嘉实中证中期企业债指数(LOF)-A,2015-05-13,1.09,1.149,1.149,1.09,1.091,0.001,0.0009,109075,119273.35,0.0036,0.003289,1457680.0,1.0
257,160805.XSHE,160805,XSHE,长盛同智优势成长混合(LOF),2015-05-13,1.455,1.45,1.45,1.408,1.436,-0.019,-0.0131,954530,1370004.864,0.023,0.015764,69383153.0,1.567879
258,160807.XSHE,160807,XSHE,长盛沪深300指数(LOF),2015-05-13,1.512,1.517,1.549,1.517,1.517,0.005,0.0033,25452,38636.984,0.02,0.013012,3633182.0,1.050201
259,160810.XSHE,160810,XSHE,长盛同丰债券(LOF),2015-05-13,1.107,1.108,1.153,1.108,1.118,0.011,0.0099,18500,20629.5,-0.007,-0.006301,11773307.0,1.0
260,160812.XSHE,160812,XSHE,长盛同益成长回报灵活配置混合(LOF),2015-05-13,1.938,1.914,1.929,1.914,1.925,-0.013,-0.0067,421935,810949.224,0.026,0.013326,195602088.0,1.0
261,160813.XSHE,160813,XSHE,长盛同盛成长优选灵活配置混合(LOF),2015-05-13,1.309,1.309,1.32,1.301,1.318,0.009,0.0069,6012824,7905167.705,0.002,0.001515,467852969.0,1.0
262,160910.XSHE,160910,XSHE,大成创新成长混合(LOF)-A,2015-05-13,1.272,1.272,1.277,1.256,1.274,0.002,0.0016,424316,536627.996,0.026,0.02,66097971.0,1.0
263,160915.XSHE,160915,XSHE,大成景丰债券(LOF),2015-05-13,1.45,1.459,1.489,1.459,1.469,0.019,0.0131,49089,72193.451,0.014,0.00944,52766079.0,1.0
264,160916.XSHE,160916,XSHE,大成优选混合(LOF)-A,2015-05-13,2.584,2.58,2.605,2.56,2.59,0.006,0.0023,5192494,13450676.17,0.023,0.008802,324506912.0,1.0
265,160918.XSHE,160918,XSHE,大成中小盘混合(LOF)-A,2015-05-13,1.847,1.85,1.903,1.817,1.9,0.053,0.0287,3873416,7302910.704,0.012,0.006276,194508758.0,1.0
266,160919.XSHE,160919,XSHE,大成产业升级股票(LOF)-A,2015-05-13,1.716,1.717,1.751,1.702,1.748,0.032,0.0186,6040702,10443890.247,0.023,0.012987,445064012.0,1.00181
267,161005.XSHE,161005,XSHE,富国天惠精选成长混合(LOF)-A,2015-05-13,2.776,2.771,2.778,2.712,2.759,-0.017,-0.0061,850617,2337532.289,0.0458,0.016329,39390915.0,3.705748
268,161010.XSHE,161010,XSHE,富国天丰强化收益债券(LOF),2015-05-13,1.107,1.114,1.114,1.106,1.114,0.007,0.0063,879570,976338.42,0.0,0.0,156072338.0,1.487076
269,161015.XSHE,161015,XSHE,富国天盈债券(LOF)-C,2015-05-13,0.852,0.852,0.857,0.852,0.856,0.004,0.0047,110000,94077.868,0.001,0.001167,41028034.0,1.333444
270,161017.XSHE,161017,XSHE,富国中证500指数增强(LOF)-A,2015-05-13,2.458,2.458,2.494,2.411,2.44,-0.018,-0.0073,51600,126589.2,0.034,0.013743,1543917.0,1.0
271,161019.XSHE,161019,XSHE,富国新天锋定开债券,2015-05-13,1.019,1.019,1.019,1.017,1.017,-0.002,-0.002,1275700,1298879.5,0.004,0.003918,149788518.0,1.258531
272,161115.XSHE,161115,XSHE,易方达岁丰添利债券(LOF)-A,2015-05-13,1.61,1.606,1.613,1.606,1.61,0.0,0.0,303711,489129.01,0.011,0.006786,56927366.0,1.154023
273,161116.XSHE,161116,XSHE,易方达黄金主题(QDII-LOF-FOF)-A-CNY,2015-05-13,0.644,0.647,0.653,0.643,0.646,0.002,0.0031,87207647,56436601.614,0.012,0.018237,591869388.0,1.0
274,161117.XSHE,161117,XSHE,易方达永旭添利定开债券,2015-05-13,1.074,1.068,1.078,1.068,1.077,0.003,0.0028,67200,72320.3,-0.015,-0.014124,6438550.0,1.17985
275,161119.XSHE,161119,XSHE,易方达中债新综合债券指数(LOF)-A,2015-05-13,1.1,1.104,1.104,1.102,1.102,0.002,0.0018,7400,8158.2,0.0057,0.005146,1731537.0,1.0
276,161210.XSHE,161210,XSHE,国投瑞银全球新兴市场精选股票(QDII-LOF),2015-05-13,0.94,0.947,0.951,0.946,0.948,0.008,0.0085,5207300,4938808.9,0.027,0.027692,44570030.0,1.0
277,161213.XSHE,161213,XSHE,国投瑞银中证下游消费与服务产业指数(LOF),2015-05-13,1.7,1.7,1.743,1.655,1.74,0.04,0.0235,77569,131660.096,-0.003,-0.001727,1861912.0,1.0
278,161216.XSHE,161216,XSHE,国投瑞银双债增利债券(LOF)-A,2015-05-13,1.061,1.068,1.072,1.068,1.072,0.011,0.0104,209100,223740.6,-0.008,-0.007519,71362521.0,1.44313
279,161217.XSHE,161217,XSHE,国投瑞银中证上游资源产业指数(LOF)-A,2015-05-13,0.856,0.857,0.862,0.85,0.854,-0.002,-0.0023,367500,314385.724,0.011,0.012717,25156303.0,1.0
280,161219.XSHE,161219,XSHE,国投瑞银新兴产业混合(LOF)-A,2015-05-13,1.781,1.8,1.8,1.656,1.77,-0.011,-0.0062,106800,183120.5,-0.022,-0.012586,1219272.0,1.330001
281,161222.XSHE,161222,XSHE,国投瑞银瑞利灵活配置混合(LOF)-A,2015-05-13,1.066,1.063,1.078,1.052,1.072,0.006,0.0056,17238808,18461204.405,0.085,0.073466,448573925.0,1.0
282,161224.XSHE,161224,XSHE,国投瑞银新丝路灵活配置混合(LOF),2015-05-13,1.034,1.035,1.039,1.014,1.035,0.001,0.001,10057697,10374063.049,0.023,0.021739,267004957.0,1.0
283,161505.XSHE,161505,XSHE,银河通利债券(LOF)-A,2015-05-13,1.29,1.298,1.308,1.294,1.294,0.004,0.0031,12000,15574.1,0.006,0.004615,1774478.0,1.063063
284,161607.XSHE,161607,XSHE,融通巨潮100指数(LOF)-A/B,2015-05-13,1.395,1.391,1.4,1.381,1.385,-0.01,-0.0072,304761,424537.095,0.012,0.00859,30452001.0,3.215447
285,161610.XSHE,161610,XSHE,融通领先成长混合(LOF)-A,2015-05-13,1.731,1.678,1.75,1.599,1.69,-0.041,-0.0237,8224503,13900674.412,-0.003,-0.001778,149426781.0,1.153548
286,161614.XSHE,161614,XSHE,融通四季添利债券(LOF)-A,2015-05-13,1.096,1.101,1.101,1.098,1.101,0.005,0.0046,14000,15395.1,0.005,0.004521,13310874.0,1.133695
287,161706.XSHE,161706,XSHE,招商优质成长混合(LOF),2015-05-13,2.3,2.306,2.337,2.23,2.252,-0.048,-0.0209,971013,2201582.173,-0.0163,-0.007291,28042267.0,3.300734
288,161713.XSHE,161713,XSHE,招商信用添利债券(LOF)-A,2015-05-13,1.064,1.063,1.067,1.063,1.067,0.003,0.0028,1552800,1654537.7,0.014,0.012951,1495065943.0,1.522157
289,161714.XSHE,161714,XSHE,招商标普金砖四国指数(QDII-LOF),2015-05-13,0.8,0.801,0.808,0.796,0.801,0.001,0.0013,11516943,9234895.027,0.004,0.004969,141089854.0,1.0
290,161716.XSHE,161716,XSHE,招商双债增强债券(LOF)-C,2015-05-13,1.012,1.014,1.019,1.014,1.017,0.005,0.0049,49890,50681.65,0.0,0.0,3749132.0,1.0
291,161810.XSHE,161810,XSHE,银华内需精选混合(LOF),2015-05-13,1.754,1.73,1.752,1.667,1.749,-0.005,-0.0029,411867,714755.705,0.027,0.015203,128747454.0,1.0
292,161813.XSHE,161813,XSHE,银华信用债券(LOF),2015-05-13,1.16,0.0,0.0,0.0,1.16,0.0,0.0,0,0.0,0.011,0.009394,16512521.0,1.197959
293,161815.XSHE,161815,XSHE,银华抗通胀主题(QDII-LOF-FOF),2015-05-13,0.56,0.561,0.562,0.56,0.562,0.002,0.0036,22508829,12634935.169,0.006,0.010563,261598982.0,1.0
294,161820.XSHE,161820,XSHE,银华纯债信用主题债券(LOF)-A,2015-05-13,1.055,1.057,1.058,1.053,1.057,0.002,0.0019,174600,184436.1,0.015,0.013993,9654826.0,1.132405
295,161821.XSHE,161821,XSHE,银华中证中票50指数债券(LOF)-A,2015-05-13,1.108,1.107,1.129,1.107,1.11,0.002,0.0018,297545,330771.4,0.005,0.004484,2048292.0,1.0
296,161831.XSHE,161831,XSHE,银华恒生国企指数分级(QDII),2015-05-13,1.248,1.243,1.243,1.212,1.215,-0.033,-0.0264,7153669,8784131.263,-0.0037,-0.003055,90915941.0,1.0
297,161903.XSHE2,161903,XSHE,万家行业优选混合(LOF),2015-05-13,0.899,0.899,0.899,0.843,0.878,-0.021,-0.0234,349987,308453.822,0.0272,0.030049,19891210.0,1.0
298,161907.XSHE,161907,XSHE,万家中证红利指数(LOF)-A,2015-05-13,1.703,1.728,1.728,1.705,1.705,0.002,0.0012,54803,93564.121,0.0302,0.017404,9182066.0,1.0
299,161908.XSHE,161908,XSHE,万家添利债券(LOF)-C,2015-05-13,0.985,0.984,0.985,0.984,0.984,-0.001,-0.001,119300,117391.7,0.0049,0.004955,8842860.0,1.176471
300,161911.XSHE,161911,XSHE,万家强化收益定开债券,2015-05-13,1.063,1.063,1.068,1.063,1.068,0.005,0.0047,58100,61970.5,0.0372,0.033659,123631182.0,1.106414
301,162006.XSHE,162006,XSHE,长城久富核心成长混合(LOF)-A,2015-05-13,1.645,1.645,1.645,1.6,1.615,-0.03,-0.0182,66147,106943.951,0.0204,0.012474,60707502.0,1.642682
302,162105.XSHE,162105,XSHE,金鹰持久增利债券(LOF)-C,2015-05-13,1.019,1.013,1.013,1.009,1.012,-0.007,-0.0069,66900,67588.4,0.0025,0.002464,36342254.0,1.0
303,162207.XSHE,162207,XSHE,宏利效率优选混合(LOF),2015-05-13,1.555,1.556,1.578,1.55,1.552,-0.003,-0.0019,374665,582972.22,0.0311,0.019645,63732931.0,2.40455
304,162307.XSHE,162307,XSHE,海富通中证100指数(LOF)-A,2015-05-13,1.33,1.326,1.333,1.304,1.33,0.0,0.0,17500,23220.3,0.007,0.005236,5900713.0,1.0
305,162308.XSHE,162308,XSHE,海富通稳进增利债券(LOF),2015-05-13,1.881,1.876,1.876,1.834,1.85,-0.031,-0.0165,295138,546745.441,-0.001,-0.000541,3844744.0,1.0
306,162411.XSHE,162411,XSHE,华宝标普石油天然气上游股票指数(QDII-LOF)-A-CNY,2015-05-13,0.777,0.78,0.783,0.778,0.778,0.001,0.0013,180879523,141023754.798,-0.003,-0.003871,3242439918.0,1.0
307,162605.XSHE,162605,XSHE,景顺长城鼎益混合(LOF)-A,2015-05-13,1.845,1.837,1.85,1.771,1.838,-0.007,-0.0038,624121,1143242.192,0.012,0.006486,36137508.0,3.314412
308,162607.XSHE,162607,XSHE,景顺长城资源垄断混合(LOF),2015-05-13,1.234,1.235,1.25,1.211,1.244,0.01,0.0081,3236359,4010468.24,0.02,0.015823,97920767.0,3.922584
309,162703.XSHE,162703,XSHE,广发小盘成长混合(LOF)-A,2015-05-13,3.288,3.289,3.37,3.181,3.346,0.058,0.0176,1686990,5593777.164,0.0673,0.019717,48171296.0,2.113011
310,162711.XSHE,162711,XSHE,广发中证500ETF联接(LOF)-A,2015-05-13,1.851,1.802,1.879,1.802,1.871,0.02,0.0108,699264,1302024.334,0.0192,0.010158,38095198.0,1.0
311,162712.XSHE,162712,XSHE,广发聚利债券(LOF)-A,2015-05-13,1.411,1.418,1.435,1.416,1.428,0.017,0.0121,97138,138060.313,-0.001,-0.000701,17772320.0,1.129369
312,162715.XSHE,162715,XSHE,广发聚源债券(LOF)-A,2015-05-13,1.049,1.05,1.05,1.049,1.049,0.0,0.0,7900,8294.4,0.003,0.002852,5181585.0,1.0
313,163001.XSHE,163001,XSHE,长信中证中央企业100指数(LOF),2015-05-13,1.613,1.62,1.639,1.583,1.602,-0.011,-0.0068,335750,542459.869,0.02,0.01233,9374149.0,1.0
314,163110.XSHE,163110,XSHE,申万菱信量化小盘股票(LOF)-A,2015-05-13,2.144,2.121,2.215,2.121,2.215,0.071,0.0331,8100,17189.5,-0.055,-0.025463,598509.0,1.0
315,163208.XSHE,163208,XSHE,诺安油气能源股票(QDII-LOF-FOF),2015-05-13,0.934,0.938,0.944,0.938,0.941,0.007,0.0075,1033992,972312.38,0.005,0.005285,34384916.0,1.0
316,163210.XSHE,163210,XSHE,诺安纯债定开债券-A,2015-05-13,1.157,1.155,1.157,1.155,1.157,0.0,0.0,217185,251162.845,0.04,0.033417,74461272.0,1.0
317,163302.XSHE,163302,XSHE,大摩资源优选混合(LOF),2015-05-13,3.23,3.229,3.24,3.152,3.235,0.005,0.0016,743876,2400547.007,0.0475,0.014471,17681232.0,1.179039
318,163402.XSHE,163402,XSHE,兴全趋势投资混合(LOF),2015-05-13,1.568,1.568,1.575,1.55,1.569,0.001,0.0006,2277035,3563324.639,0.0217,0.013642,160765739.0,7.383643
319,163407.XSHE,163407,XSHE,兴全沪深300指数增强(LOF)-A,2015-05-13,1.615,1.614,1.614,1.58,1.605,-0.01,-0.0062,113201,180598.28,0.0065,0.004034,8167285.0,1.0
320,163409.XSHE,163409,XSHE,兴全绿色投资混合(LOF),2015-05-13,2.73,2.73,2.73,2.657,2.719,-0.011,-0.004,85453,231167.015,0.03,0.010913,39316953.0,1.0
321,163412.XSHE,163412,XSHE,兴全轻资产投资混合(LOF),2015-05-13,3.086,3.07,3.102,3.061,3.102,0.016,0.0052,355645,1097172.354,0.035,0.011157,14511591.0,1.0
322,163415.XSHE,163415,XSHE,兴全商业模式优选混合(LOF),2015-05-13,2.176,2.172,2.21,2.172,2.19,0.014,0.0064,149800,328262.0,0.04,0.017937,5976579.0,1.0
323,163503.XSHE,163503,XSHE,天治核心成长混合(LOF),2015-05-13,1.025,1.021,1.03,1.017,1.027,0.002,0.002,4434297,4545849.404,0.013,0.0125,202545222.0,1.973907
324,163801.XSHE,163801,XSHE,中银中国精选混合(LOF)-A,2015-05-13,2.2,2.2,2.255,2.2,2.22,0.02,0.0091,1365748,3050043.296,-0.0209,-0.009504,25290320.0,4.056255
325,163819.XSHE,163819,XSHE,中银信用增利债券(LOF)-A,2015-05-13,1.187,1.19,1.192,1.19,1.192,0.005,0.0042,2840439,3380183.51,0.001,0.000838,390834513.0,1.143971
326,163821.XSHE,163821,XSHE,中银沪深300等权重指数(LOF),2015-05-13,1.985,1.921,2.03,1.921,2.03,0.045,0.0227,33400,67360.0,0.006,0.002947,484604.0,1.0
327,163824.XSHE,163824,XSHE,中银盛利纯债一年定开债券(LOF),2015-05-13,1.082,1.08,1.08,1.079,1.079,-0.003,-0.0028,55600,59994.0,0.021,0.019091,4829868.0,1.074958
328,163827.XSHE,163827,XSHE,中银产业债一年定开债券(LOF),2015-05-13,1.086,1.083,1.093,1.082,1.088,0.002,0.0018,505000,547357.284,0.035,0.031167,44818627.0,1.0
329,164105.XSHE,164105,XSHE,华富强化回报债券(LOF),2015-05-13,1.49,1.422,1.502,1.422,1.5,0.01,0.0067,23795,35459.05,0.011,0.00728,28160488.0,1.071401
330,164208.XSHE,164208,XSHE,天弘丰利债券(LOF)-E,2015-05-13,1.036,1.037,1.04,1.037,1.039,0.003,0.0029,359200,373088.8,0.0012,0.001154,310188245.0,1.0
331,164606.XSHE,164606,XSHE,华泰柏瑞信用增利债券(LOF)-A,2015-05-13,1.11,1.097,1.108,1.097,1.108,-0.002,-0.0018,13202,14503.594,-0.003,-0.002715,22045758.0,1.054964
332,164701.XSHE,164701,XSHE,汇添富黄金及贵金属(QDII-LOF-FOF)-A,2015-05-13,0.615,0.618,0.619,0.613,0.615,0.0,0.0,19105361,11777805.688,0.013,0.020701,246196800.0,1.0
333,164702.XSHE,164702,XSHE,汇添富季季红定开债券,2015-05-13,1.05,1.037,1.051,1.037,1.051,0.001,0.001,17900,18758.2,0.013,0.012218,49344266.0,1.141398
334,164705.XSHE,164705,XSHE,汇添富恒生指数分级(QDII),2015-05-13,1.101,1.099,1.099,1.087,1.089,-0.012,-0.0109,7729654,8442539.038,0.008,0.007293,424565011.0,1.0
335,164808.XSHE,164808,XSHE,工银瑞信四季收益债券(LOF)-A,2015-05-13,1.121,1.121,1.121,1.118,1.12,-0.001,-0.0009,123700,138543.9,-0.003,-0.002686,134675973.0,1.402177
336,164810.XSHE,164810,XSHE,工银瑞信纯债定开债券,2015-05-13,1.024,1.02,1.024,1.02,1.024,0.0,0.0,501300,513326.0,0.007,0.00679,71666856.0,1.130269
337,164814.XSHE,164814,XSHE,工银瑞信双债增强债券,2015-05-13,1.115,1.116,1.116,1.107,1.115,0.0,0.0,64200,71455.9,0.047,0.040448,9742676.0,1.179999
338,164815.XSHE,164815,XSHE,工银瑞信标普全球自然资源指数(QDII-LOF),2015-05-13,0.894,0.901,0.935,0.9,0.907,0.013,0.0145,16623616,15178961.505,0.009,0.009825,66330170.0,1.0
339,164902.XSHE,164902,XSHE,交银信用添利债券(LOF),2015-05-13,1.245,1.233,1.25,1.233,1.235,-0.01,-0.008,299100,373450.1,0.014,0.011209,9416306.0,1.114105
340,165309.XSHE,165309,XSHE,建信沪深300指数(LOF),2015-05-13,1.345,1.333,1.359,1.333,1.349,0.004,0.003,204000,275262.4,0.0081,0.005969,4736550.0,1.0
341,165311.XSHE,165311,XSHE,建信信用增强债券(LOF)-A,2015-05-13,1.268,1.262,1.272,1.262,1.266,-0.002,-0.0016,300,380.0,0.009,0.007059,26290045.0,1.158904
342,165313.XSHE,165313,XSHE,建信优势动力混合(LOF),2015-05-13,1.64,1.64,1.645,1.617,1.643,0.003,0.0018,1081041,1768612.668,0.026,0.015578,128743878.0,1.0
343,165508.XSHE,165508,XSHE,中信保诚深度价值混合(LOF),2015-05-13,2.195,2.195,2.195,2.18,2.193,-0.002,-0.0009,376201,821664.147,0.011,0.004991,8445215.0,1.0
344,165509.XSHE,165509,XSHE,中信保诚增强收益债券(LOF),2015-05-13,1.162,1.17,1.171,1.17,1.17,0.008,0.0069,8300,9711.6,0.012,0.010152,21446426.0,1.308644
345,165510.XSHE,165510,XSHE,信诚金砖四国积极配置(QDII-LOF-FOF),2015-05-13,0.847,0.846,0.852,0.838,0.839,-0.008,-0.0095,3945322,3335481.952,0.006,0.007101,53566592.0,1.0
346,165512.XSHE,165512,XSHE,中信保诚新机遇混合(LOF),2015-05-13,2.528,2.457,2.619,2.456,2.544,0.016,0.0063,62758,155156.948,0.046,0.017761,886077.0,1.0
347,165513.XSHE,165513,XSHE,中信保诚全球商品主题(QDII-LOF-FOF)-A,2015-05-13,0.576,0.579,0.586,0.579,0.583,0.007,0.0122,36582072,21290359.65,0.012,0.020168,350703925.0,1.0
348,165516.XSHE,165516,XSHE,中信保诚周期轮动混合(LOF)-A,2015-05-13,2.933,2.918,2.918,2.777,2.9,-0.033,-0.0113,108519,313500.12,-0.038,-0.013277,585996.0,1.0
349,165517.XSHE,165517,XSHE,中信保诚双盈债券(LOF)-A,2015-05-13,1.087,1.098,1.103,1.083,1.092,0.005,0.0046,261962,285984.994,-0.004,-0.003676,86775735.0,1.0
350,165705.XSHE,165705,XSHE,诺德双翼债券(LOF),2015-05-13,1.067,1.069,1.087,1.044,1.083,0.016,0.015,90191,96241.223,-0.009,-0.00838,102613201.0,1.0
351,165806.XSHE,165806,XSHE,东吴深证100指数增强(LOF),2015-05-13,1.56,1.56,1.589,1.536,1.581,0.021,0.0135,13900,21940.8,-0.01,-0.006365,914081.0,1.0
352,166001.XSHE,166001,XSHE,中欧新趋势混合(LOF)-A,2015-05-13,1.42,1.412,1.424,1.412,1.421,0.001,0.0007,615160,872480.283,0.0187,0.012989,49398165.0,1.18599
353,166006.XSHE2,166006,XSHE,中欧行业成长混合(LOF)-A,2015-05-13,1.456,1.456,1.483,1.441,1.445,-0.011,-0.0076,1120408,1626913.684,0.0218,0.014862,62085911.0,1.047801
354,166007.XSHE,166007,XSHE,中欧沪深300指数增强(LOF)-A,2015-05-13,1.6,1.614,1.615,1.592,1.598,-0.002,-0.0013,46800,75012.0,0.0148,0.009177,1889426.0,1.044204
355,166008.XSHE,166008,XSHE,中欧增强回报债券(LOF)-A,2015-05-13,1.101,1.101,1.107,1.101,1.101,0.0,0.0,12800,14117.7,-0.0002,-0.000182,8623629.0,1.218521
356,166009.XSHE,166009,XSHE,中欧新动力混合(LOF)-A,2015-05-13,2.471,2.45,2.47,2.305,2.42,-0.051,-0.0206,327200,794147.6,0.0293,0.011963,15779877.0,1.0
357,166011.XSHE,166011,XSHE,中欧盛世成长混合(LOF)-A,2015-05-13,1.22,1.219,1.241,1.187,1.231,0.011,0.009,2842905,3473973.802,0.018,0.014412,83624634.0,1.0
358,166401.XSHE,166401,XSHE,浦银安盛稳健增利债券(LOF)-C,2015-05-13,1.051,1.034,1.041,1.034,1.041,-0.01,-0.0095,800,831.4,0.008,0.007626,32934939.0,1.0
359,166902.XSHE,166902,XSHE,民生加银平稳增利定开债券-A,2015-05-13,1.035,1.036,1.042,1.034,1.042,0.007,0.0068,711260,739763.029,0.019,0.017908,66032126.0,1.161338
360,166904.XSHE,166904,XSHE,民生加银平稳添利定开债券-A,2015-05-13,1.041,1.041,1.055,1.041,1.055,0.014,0.0135,36500,38328.5,0.025,0.023148,8581223.0,1.101194
361,167901.XSHE,167901,XSHE,华宸未来沪深300指数增强(LOF),2015-05-13,1.838,1.838,1.858,1.821,1.821,-0.017,-0.0093,3700,6850.2,0.037,0.019914,1001157.0,1.0
362,169101.XSHE,169101,XSHE,东方红睿丰灵活配置混合,2015-05-13,1.351,1.35,1.35,1.332,1.344,-0.007,-0.0052,519100,697346.316,0.25,0.156838,44774547.0,1.0
363,184721.XSHE,184721,XSHE,嘉实丰和价值,2015-05-13,1.249,1.238,1.25,1.23,1.25,0.001,0.0008,44655870,55532760.218,,,3000000000.0,7.560242
364,184722.XSHE,184722,XSHE,长城久嘉,2015-05-13,1.19,1.187,1.191,1.175,1.185,-0.005,-0.0042,27485129,32550073.108,,,2000000000.0,6.303281
365,184728.XSHE,184728,XSHE,宝盈鸿阳封闭,2015-05-13,1.308,1.3,1.315,1.294,1.307,-0.001,-0.0008,17594448,22965243.882,,,2000000000.0,3.609581
366,500038.XSHG,500038,XSHG,融通通乾封闭,2015-05-13,1.509,1.501,1.51,1.495,1.506,-0.003,-0.002,33976219,51070637.0,,,,6.005966
367,500056.XSHG,500056,XSHG,易方达科瑞封闭,2015-05-13,1.625,1.605,1.613,1.581,1.61,-0.015,-0.0092,77618323,124235034.0,,,,7.219933
368,500058.XSHG,500058,XSHG,银河银丰封闭,2015-05-13,1.454,1.44,1.447,1.426,1.434,-0.02,-0.0138,52275131,75131925.0,,,,5.148999
369,502000.XSHG,502000,XSHG,西部利得中证500等权重指数分级,2015-05-13,0.981,0.98,0.998,0.971,0.995,0.014,0.0143,2430246,2404447.0,0.007,0.006986,,1.0
370,502001.XSHG,502001,XSHG,西部利得中证500等权重指数分级-A,2015-05-13,0.925,0.918,0.944,0.915,0.93,0.005,0.0054,1460900,1360532.0,0.075,0.074627,,1.0
371,502002.XSHG,502002,XSHG,西部利得中证500等权重指数分级-B,2015-05-13,1.042,1.018,1.083,1.006,1.042,0.0,0.0,2250717,2347720.0,-0.043,-0.043043,,1.0
372,502048.XSHG,502048,XSHG,易方达上证50指数分级,2015-05-13,0.978,0.975,0.978,0.957,0.965,-0.013,-0.0133,42746385,41418987.0,0.0069,0.007099,,1.0
373,502049.XSHG,502049,XSHG,易方达上证50指数分级-A,2015-05-13,0.841,0.839,0.842,0.838,0.84,-0.001,-0.0012,36418844,30608656.0,0.1642,0.163513,,1.0
374,502050.XSHG,502050,XSHG,易方达上证50指数分级-B,2015-05-13,1.115,1.116,1.118,1.08,1.091,-0.024,-0.0215,65077012,71523935.0,-0.1514,-0.161132,,1.0
375,505888.XSHG,505888,XSHG,嘉实元和直投封闭混合,2015-05-13,1.04,1.04,1.04,1.029,1.031,-0.009,-0.0087,177201963,183179156.0,,,,1.0
376,510010.XSHG,510010,XSHG,交银上证180公司治理ETF,2015-05-13,1.382,1.384,1.388,1.355,1.366,-0.016,-0.0116,7888656,10843451.0,-0.003,-0.002201,1233524400.0,1.0
377,510020.XSHG,510020,XSHG,博时上证超级大盘ETF,2015-05-13,2.99,2.941,2.997,2.941,2.95,-0.04,-0.0134,391553,1165617.0,0.0062,0.002097,214748000.0,0.100578
378,510030.XSHG,510030,XSHG,华宝上证180价值ETF,2015-05-13,4.87,4.854,4.878,4.774,4.776,-0.094,-0.0193,1818826,8833706.0,0.034,0.007069,124028700.0,1.0
379,510050.XSHG,510050,XSHG,华夏上证50ETF,2015-05-13,3.129,3.129,3.135,3.067,3.084,-0.045,-0.0144,1261806545,3912635585.0,0.004,0.001295,7944966800.0,1.209268
380,510060.XSHG,510060,XSHG,工银瑞信上证央企50ETF,2015-05-13,2.377,2.377,2.386,2.322,2.34,-0.037,-0.0156,10988907,25974240.0,0.0016,0.000683,405959200.0,1.0
381,510070.XSHG,510070,XSHG,鹏华上证民营企业50ETF,2015-05-13,2.219,2.219,2.234,2.2,2.215,-0.004,-0.0018,1375100,3043838.0,0.01,0.004494,70624100.0,1.0
382,510090.XSHG,510090,XSHG,建信上证社会责任ETF,2015-05-13,1.689,1.644,1.688,1.644,1.65,-0.039,-0.0231,73300,121503.0,0.0165,0.009901,132581100.0,1.0
383,510110.XSHG,510110,XSHG,海富通上证周期行业50ETF,2015-05-13,4.0,4.001,4.001,3.96,3.96,-0.04,-0.01,82712,328226.0,0.047,0.011729,31816800.0,1.0
384,510120.XSHG,510120,XSHG,海富通上证非周期行业100ETF,2015-05-13,4.179,4.183,4.226,4.057,4.145,-0.034,-0.0081,3571541,15011981.0,0.037,0.008847,46492400.0,1.0
385,510130.XSHG,510130,XSHG,易方达上证中盘ETF,2015-05-13,5.158,5.15,5.189,5.1,5.138,-0.02,-0.0039,24909518,128402956.0,0.0172,0.003336,126285100.0,1.0
386,510150.XSHG,510150,XSHG,招商上证消费80ETF,2015-05-13,4.729,4.729,4.878,4.681,4.755,0.026,0.0055,280244,1334952.0,0.095,0.019588,65531600.0,1.0
387,510160.XSHG,510160,XSHG,南方中证南方小康产业ETF,2015-05-13,0.756,0.751,0.76,0.739,0.745,-0.011,-0.0146,32588341,24510061.0,0.0026,0.003478,6240057400.0,1.0
388,510170.XSHG,510170,XSHG,国联安上证大宗商品股票ETF,2015-05-13,2.496,2.492,2.535,2.455,2.497,0.001,0.0004,54431564,136481379.0,0.005,0.001998,113228700.0,1.0
389,510180.XSHG,510180,XSHG,华安上证180ETF,2015-05-13,4.197,4.193,4.197,4.12,4.155,-0.042,-0.01,91369363,380516423.0,-0.0019,-0.000457,1230057700.0,2.767039
390,510190.XSHG,510190,XSHG,华安上证50ETF,2015-05-13,4.539,4.41,4.6,4.41,4.482,-0.057,-0.0126,14808706,66811122.0,0.024,0.005326,63650800.0,1.0
391,510210.XSHG,510210,XSHG,富国上证综指ETF,2015-05-13,4.892,4.969,4.969,4.75,4.788,-0.104,-0.0213,124924,600756.0,-0.022,-0.004616,56638500.0,1.0
392,510220.XSHG,510220,XSHG,华泰柏瑞上证中小盘ETF,2015-05-13,5.79,5.777,5.777,5.678,5.709,-0.081,-0.014,696667,3976708.0,0.102,0.017553,11229200.0,1.0
393,510230.XSHG,510230,XSHG,国泰上证180金融ETF,2015-05-13,6.635,6.641,6.668,6.487,6.518,-0.117,-0.0176,13633300,89952158.0,0.004,0.000613,402261600.0,1.0
394,510260.XSHG,510260,XSHG,诺安上证新兴产业ETF,2015-05-13,1.77,1.775,1.82,1.769,1.792,0.022,0.0124,190724036,341342387.0,-0.005,-0.002798,151982700.0,1.0
395,510270.XSHG,510270,XSHG,中银上证国有企业100ETF,2015-05-13,1.432,1.432,1.437,1.41,1.414,-0.018,-0.0126,1753200,2494429.0,0.006,0.004225,44832100.0,1.0
396,510280.XSHG,510280,XSHG,华宝上证180成长ETF,2015-05-13,1.75,1.74,1.758,1.731,1.736,-0.014,-0.008,1409216,2452094.0,0.001,0.000576,68754400.0,1.0
397,510290.XSHG,510290,XSHG,南方上证380ETF,2015-05-13,2.138,2.13,2.17,2.09,2.116,-0.022,-0.0103,105546061,222752862.0,0.0039,0.00184,168448900.0,1.0
398,510300.XSHG,510300,XSHG,华泰柏瑞沪深300ETF,2015-05-13,4.729,4.735,4.735,4.656,4.685,-0.044,-0.0093,682368450,3211349610.0,0.0108,0.0023,3427624800.0,1.047538
399,510310.XSHG,510310,XSHG,易方达沪深300ETF,2015-05-13,1.906,1.902,1.911,1.889,1.894,-0.012,-0.0063,4388400,8340719.0,0.0068,0.003577,2242307400.0,1.0
400,510330.XSHG,510330,XSHG,华夏沪深300ETF,2015-05-13,4.772,4.744,4.78,4.7,4.733,-0.039,-0.0082,28647680,135585941.0,0.0124,0.002613,4273449800.0,1.033918
401,510410.XSHG,510410,XSHG,博时上证自然资源ETF,2015-05-13,1.014,1.004,1.028,0.996,1.012,-0.002,-0.002,44328839,45039887.0,0.0022,0.002169,223258400.0,1.0
402,510420.XSHG,510420,XSHG,景顺长城上证180等权重ETF,2015-05-13,2.097,2.092,2.11,2.084,2.089,-0.008,-0.0038,2374275,4962658.0,0.009,0.00429,241455500.0,1.0
403,510430.XSHG,510430,XSHG,银华上证50等权重ETF,2015-05-13,1.985,1.97,1.984,1.937,1.937,-0.048,-0.0242,152305,299652.0,0.038,0.019241,107924500.0,1.0
404,510440.XSHG,510440,XSHG,大成中证500沪市ETF,2015-05-13,2.437,2.421,2.54,2.421,2.5,0.063,0.0259,4121450,10294914.0,0.048,0.018838,4058300.0,1.0
405,510450.XSHG,510450,XSHG,上投摩根上证180高贝塔ETF,2015-05-13,2.336,2.303,2.33,2.292,2.296,-0.04,-0.0171,416763,961099.0,0.0247,0.010643,7920700.0,1.0
406,510500.XSHG,510500,XSHG,南方中证500ETF,2015-05-13,8.816,8.67,8.97,8.67,8.897,0.081,0.0092,12892251,114074054.0,-0.0258,-0.002908,732932800.0,0.28034
407,510510.XSHG,510510,XSHG,广发中证500ETF,2015-05-13,2.463,2.42,2.523,2.42,2.486,0.023,0.0093,52264885,129568060.0,-0.001,-0.000402,1129038300.0,1.0
408,510520.XSHG,510520,XSHG,诺安中证500ETF,2015-05-13,2.119,2.119,2.136,2.061,2.136,0.017,0.008,182200,385692.0,0.0346,0.01594,9091000.0,1.0
409,510610.XSHG,510610,XSHG,华夏上证能源ETF,2015-05-13,1.212,1.212,1.215,1.19,1.195,-0.017,-0.014,22804530,27471387.0,0.002,0.001671,75586900.0,1.0
410,510620.XSHG,510620,XSHG,华夏上证原材料ETF,2015-05-13,1.593,1.593,1.623,1.575,1.584,-0.009,-0.0057,28285450,45183623.0,0.0149,0.009319,40466700.0,1.0
411,510630.XSHG,510630,XSHG,华夏上证主要消费ETF,2015-05-13,1.745,1.745,1.785,1.745,1.767,0.022,0.0126,12887200,22790906.0,0.004,0.002259,218090400.0,1.0
412,510650.XSHG,510650,XSHG,华夏上证金融地产ETF,2015-05-13,1.876,1.876,1.886,1.835,1.847,-0.029,-0.0155,51436558,96133523.0,0.0022,0.00119,307452500.0,1.0
413,510660.XSHG,510660,XSHG,华夏上证医药卫生ETF,2015-05-13,1.777,1.776,1.783,1.758,1.775,-0.002,-0.0011,13837200,24520596.0,0.0042,0.002361,238879700.0,1.0
414,510680.XSHG,510680,XSHG,万家上证380ETF,2015-05-13,2.051,2.051,2.083,2.045,2.059,0.008,0.0039,183400,379694.0,0.0719,0.033742,2724700.0,1.0
415,510700.XSHG,510700,XSHG,长盛上证市值百强ETF,2015-05-13,3.595,3.46,3.59,3.46,3.49,-0.105,-0.0292,44101,154459.0,0.08,0.022409,15213700.0,1.0
416,510880.XSHG,510880,XSHG,华泰柏瑞上证红利ETF,2015-05-13,3.412,3.41,3.415,3.375,3.383,-0.029,-0.0085,7037182,23907766.0,0.011,0.003241,300175700.0,1.16252
417,510900.XSHG,510900,XSHG,易方达恒生中国企业ETF(QDII),2015-05-13,1.322,1.322,1.325,1.297,1.297,-0.025,-0.0189,185544532,243056342.0,-0.0057,-0.004414,3851021900.0,1.0
418,511010.XSHG,511010,XSHG,国泰上证5年期国债ETF,2015-05-13,107.18,107.2,107.22,107.079,107.132,-0.048,-0.0004,5475730,586806101.0,0.339,0.003154,3656300.0,1.002794
419,511210.XSHG,511210,XSHG,博时上证企债30ETF,2015-05-13,107.661,107.651,107.69,107.651,107.69,0.029,0.0003,130,13999.0,1.9015,0.017351,1549000.0,1.0
420,511220.XSHG,511220,XSHG,海富通上证可质押城投债ETF,2015-05-13,96.001,95.801,97.5,95.801,96.503,0.502,0.0052,195980,18994561.0,3.315,0.03321,62888100.0,1.016
421,511800.XSHG,511800,XSHG,易方达货币ETF-E,2015-05-13,100.004,100.004,100.006,100.003,100.003,-0.001,0.0,92087208,9209155750.0,-0.003,-3e-05,21507100.0,1.0
422,511810.XSHG,511810,XSHG,南方理财金货币ETF-H,2015-05-13,100.039,100.037,100.037,100.01,100.027,-0.012,-0.0001,18531244,1853650815.0,-0.027,-0.00027,9511600.0,1.0
423,511860.XSHG,511860,XSHG,博时保证金实时货币ETF-A,2015-05-13,100.045,100.017,100.029,100.017,100.024,-0.021,-0.0002,29971,2997810.0,-0.024,-0.00024,1894400.0,1.0
424,511880.XSHG,511880,XSHG,银华货币ETF-A,2015-05-13,101.67,101.659,101.667,101.634,101.641,-0.029,-0.0003,27083114,2753011084.0,0.003,3e-05,113368700.0,1.075544
425,511990.XSHG,511990,XSHG,华宝现金添益货币ETF-A,2015-05-13,100.046,100.032,100.051,100.03,100.045,-0.001,0.0,198764019,19884419215.0,-0.045,-0.00045,480509200.0,1.0
426,512010.XSHG,512010,XSHG,易方达沪深300医药卫生ETF,2015-05-13,1.38,1.332,1.38,1.332,1.375,-0.005,-0.0036,1802061,2472315.0,0.0102,0.007364,41173700.0,1.0
427,512070.XSHG,512070,XSHG,易方达沪深300非银行金融ETF,2015-05-13,2.76,2.761,2.78,2.68,2.694,-0.066,-0.0239,22784800,61749458.0,0.0036,0.001335,1255159900.0,1.0
428,512110.XSHG,512110,XSHG,华安中证细分地产ETF,2015-05-13,2.13,2.14,2.185,2.111,2.181,0.051,0.0239,119900,256897.0,-0.012,-0.005533,2643200.0,1.0
429,512120.XSHG,512120,XSHG,华安中证细分医药ETF,2015-05-13,1.592,1.59,1.6,1.53,1.595,0.003,0.0019,3509700,5582462.0,0.0,0.0,95747300.0,1.0
430,512210.XSHG,512210,XSHG,景顺长城中证800食品饮料ETF,2015-05-13,1.48,1.473,1.512,1.473,1.499,0.019,0.0128,3045600,4568211.0,0.0027,0.001798,136809400.0,1.0
431,512220.XSHG,512220,XSHG,景顺长城中证科技传媒通信150ETF,2015-05-13,2.184,2.17,2.226,2.085,2.2,0.016,0.0073,1078684,2356293.0,0.0108,0.004885,19467600.0,1.0
432,512230.XSHG,512230,XSHG,景顺长城中证医药卫生ETF,2015-05-13,1.649,1.648,1.666,1.632,1.656,0.007,0.0042,212400,348320.0,0.0064,0.00385,123868200.0,1.0
433,512300.XSHG,512300,XSHG,南方中证500医药卫生指数ETF,2015-05-13,1.624,1.624,1.651,1.607,1.632,0.008,0.0049,2978400,4861928.0,0.0111,0.006756,142117100.0,1.0
434,512310.XSHG,512310,XSHG,南方中证500工业指数ETF,2015-05-13,1.023,1.023,1.05,1.012,1.035,0.012,0.0117,80815800,83758812.0,0.0051,0.004903,625389000.0,1.0
435,512600.XSHG,512600,XSHG,嘉实中证主要消费ETF,2015-05-13,1.669,1.669,1.719,1.669,1.692,0.023,0.0138,1021500,1730182.0,0.0093,0.005466,30451200.0,1.0
436,512610.XSHG,512610,XSHG,嘉实中证医药卫生ETF,2015-05-13,1.761,1.76,1.78,1.744,1.77,0.009,0.0051,1512900,2661456.0,0.0015,0.000847,125640600.0,1.0
437,512640.XSHG,512640,XSHG,嘉实中证金融地产ETF,2015-05-13,2.105,2.106,2.188,2.068,2.09,-0.015,-0.0071,207864,437654.0,0.0015,0.000717,16240900.0,1.0
438,512990.XSHG,512990,XSHG,华夏MSCI中国A股ETF,2015-05-13,1.336,1.338,1.344,1.32,1.33,-0.006,-0.0045,38080213,50802643.0,0.0052,0.003895,1199515400.0,1.0
439,513030.XSHG,513030,XSHG,华安国际龙头(DAX)ETF(QDII),2015-05-13,1.019,1.005,1.012,1.004,1.008,-0.011,-0.0108,23576717,23727912.0,-0.003,-0.002985,438779000.0,1.0
440,513100.XSHG,513100,XSHG,国泰纳斯达克100ETF(QDII),2015-05-13,1.453,1.45,1.451,1.441,1.45,-0.003,-0.0021,39600103,57249595.0,-0.013,-0.009047,53622100.0,1.0
441,513500.XSHG,513500,XSHG,博时标普500ETF(QDII),2015-05-13,1.162,1.16,1.161,1.154,1.159,-0.003,-0.0026,108185024,125402580.0,0.008,0.006855,232819300.0,1.0
442,513600.XSHG,513600,XSHG,南方恒生ETF(QDII),2015-05-13,2.168,2.162,2.165,2.146,2.149,-0.019,-0.0088,3419674,7376196.0,-0.0036,-0.001678,114829500.0,1.0
443,513660.XSHG,513660,XSHG,华夏沪港通恒生ETF(QDII),2015-05-13,2.162,2.165,2.165,2.14,2.14,-0.022,-0.0102,12403351,26720253.0,0.0126,0.005853,656000100.0,1.0
444,518800.XSHG,518800,XSHG,国泰黄金ETF,2015-05-13,2.369,2.371,2.373,2.369,2.373,0.004,0.0017,13391677,31751509.0,0.0026,0.001094,27419900.0,1.0
445,518880.XSHG,518880,XSHG,华安易富黄金ETF,2015-05-13,2.376,2.383,2.385,2.376,2.384,0.008,0.0034,9968914,23743550.0,0.016,0.006667,114340800.0,1.0
